{"stats":{"minecraft:killed":{"minecraft:sheep":1,"ecologics:coconut_crab":2},"minecraft:picked_up":{"minecraft:crafting_table":2,"minecraft:raw_iron":5,"luminousworld:auburnlog":2,"ecologics:coconut_slice":4,"minecraft:andesite":13,"minecraft:torch":1,"minecraft:oak_log":50,"minecraft:dirt":19,"minecraft:granite":11,"minecraft:coal":23,"minecraft:mutton":2,"ecologics:crab_claw":1,"minecraft:white_wool":1,"minecraft:cobblestone":142,"minecraft:furnace":2},"minecraft:used":{"minecraft:cooked_mutton":2,"minecraft:wooden_axe":57,"minecraft:stone_pickaxe":132,"minecraft:iron_pickaxe":7,"minecraft:wooden_pickaxe":59,"minecraft:iron_sword":14,"ecologics:coconut_slice":4,"minecraft:stone_axe":2,"minecraft:torch":8,"minecraft:dirt":12,"minecraft:cobblestone":1,"minecraft:crafting_table":3,"minecraft:furnace":2,"alexsmobs:animal_dictionary":1},"minecraft:custom":{"minecraft:time_since_rest":29358,"minecraft:sprint_one_cm":38744,"minecraft:interact_with_furnace":12,"minecraft:damage_taken":185,"minecraft:walk_one_cm":47608,"minecraft:mob_kills":3,"minecraft:drop":1,"minecraft:damage_dealt":430,"minecraft:swim_one_cm":524,"minecraft:interact_with_crafting_table":7,"minecraft:fly_one_cm":26388,"minecraft:crouch_one_cm":997,"minecraft:play_time":29358,"minecraft:sneak_time":375,"minecraft:walk_under_water_one_cm":261,"minecraft:jump":218,"minecraft:leave_game":1,"minecraft:time_since_death":29358,"minecraft:walk_on_water_one_cm":261,"minecraft:total_world_time":29358,"minecraft:fall_one_cm":1047},"minecraft:broken":{"minecraft:stone_pickaxe":1,"minecraft:wooden_axe":1,"minecraft:wooden_pickaxe":1},"minecraft:dropped":{"alexsmobs:animal_dictionary":1},"minecraft:crafted":{"minecraft:oak_planks":64,"minecraft:charcoal":6,"minecraft:crafting_table":2,"minecraft:stick":24,"minecraft:iron_ingot":5,"minecraft:wooden_pickaxe":1,"minecraft:iron_pickaxe":1,"minecraft:stone_pickaxe":1,"minecraft:wooden_axe":1,"minecraft:iron_sword":1,"minecraft:furnace":1,"minecraft:torch":48,"minecraft:stone_axe":1,"ecologics:crab_meat":1,"minecraft:cooked_mutton":2},"minecraft:mined":{"minecraft:furnace":2,"minecraft:iron_ore":5,"minecraft:andesite":13,"minecraft:crafting_table":2,"minecraft:granite":11,"minecraft:grass":3,"minecraft:coal_ore":14,"minecraft:grass_block":5,"minecraft:oak_log":54,"minecraft:dirt":14,"luminousworld:auburnlog":2,"minecraft:stone":143,"minecraft:wall_torch":1,"minecraft:oak_leaves":3}},"DataVersion":3465}