{"stats":{"minecraft:picked_up":{"luminousworld:auburnlog":2,"minecraft:oak_log":10,"minecraft:cobblestone":1},"minecraft:used":{"minecraft:wooden_axe":8,"minecraft:crafting_table":1,"alexsmobs:animal_dictionary":1,"minecraft:wooden_pickaxe":3},"minecraft:custom":{"minecraft:time_since_rest":5358,"minecraft:crouch_one_cm":392,"minecraft:play_time":5358,"minecraft:sprint_one_cm":7825,"minecraft:walk_one_cm":8492,"minecraft:sneak_time":63,"minecraft:jump":19,"minecraft:damage_dealt":0,"minecraft:time_since_death":5358,"minecraft:leave_game":1,"minecraft:total_world_time":5358,"minecraft:interact_with_crafting_table":1,"minecraft:fall_one_cm":209,"minecraft:fly_one_cm":3072},"minecraft:crafted":{"minecraft:oak_planks":24,"minecraft:crafting_table":1,"minecraft:stick":8,"minecraft:wooden_pickaxe":1,"minecraft:wooden_axe":1},"minecraft:mined":{"minecraft:oak_log":11,"luminousworld:auburnlog":2,"minecraft:stone":3,"minecraft:oak_leaves":1}},"DataVersion":3465}