{"stats":{"minecraft:killed_by":{"alexsmobs:crocodile":1},"minecraft:killed":{"minecraft:pig":1,"minecraft:sheep":1,"ecologics:coconut_crab":2},"minecraft:picked_up":{"minecraft:crafting_table":2,"minecraft:andesite":23,"minecraft:oak_log":50,"minecraft:dirt":21,"minecraft:sugar_cane":12,"ecologics:crab_claw":1,"minecraft:furnace":2,"minecraft:stick":2,"minecraft:raw_iron":5,"luminousworld:auburnlog":2,"ecologics:coconut_slice":4,"minecraft:torch":2,"minecraft:gravel":7,"minecraft:porkchop":3,"minecraft:granite":11,"minecraft:mutton":2,"minecraft:coal":25,"minecraft:white_wool":1,"minecraft:cobblestone":156},"minecraft:custom":{"minecraft:interact_with_furnace":15,"minecraft:mob_kills":4,"minecraft:interact_with_crafting_table":8,"minecraft:leave_game":2,"minecraft:time_since_death":6375,"minecraft:time_since_rest":5709,"minecraft:sprint_one_cm":66696,"minecraft:damage_taken":565,"minecraft:walk_one_cm":80108,"minecraft:drop":1,"minecraft:damage_dealt":731,"minecraft:swim_one_cm":524,"minecraft:fly_one_cm":51157,"minecraft:crouch_one_cm":1327,"minecraft:play_time":55968,"minecraft:deaths":1,"minecraft:sneak_time":757,"minecraft:walk_under_water_one_cm":1603,"minecraft:jump":400,"minecraft:walk_on_water_one_cm":7685,"minecraft:total_world_time":55968,"minecraft:fall_one_cm":2518},"minecraft:used":{"minecraft:cooked_mutton":2,"minecraft:stone_pickaxe":132,"minecraft:wooden_pickaxe":59,"minecraft:iron_sword":28,"minecraft:torch":14,"minecraft:dirt":12,"minecraft:crafting_table":4,"ecologics:crab_meat":1,"minecraft:wooden_axe":57,"minecraft:iron_pickaxe":33,"minecraft:stone_axe":2,"ecologics:coconut_slice":4,"minecraft:cobblestone":9,"minecraft:cooked_porkchop":2,"minecraft:furnace":3,"alexsmobs:animal_dictionary":1},"minecraft:broken":{"minecraft:stone_pickaxe":1,"minecraft:wooden_axe":1,"minecraft:wooden_pickaxe":1},"minecraft:dropped":{"alexsmobs:animal_dictionary":1},"minecraft:crafted":{"minecraft:oak_planks":64,"minecraft:cooked_porkchop":3,"minecraft:crafting_table":2,"minecraft:wooden_pickaxe":1,"minecraft:iron_sword":1,"minecraft:furnace":1,"minecraft:stone_axe":1,"minecraft:cooked_mutton":2,"minecraft:charcoal":6,"minecraft:stick":24,"minecraft:iron_ingot":5,"minecraft:iron_pickaxe":1,"minecraft:stone_pickaxe":1,"minecraft:wooden_axe":1,"minecraft:torch":48,"ecologics:crab_meat":1},"minecraft:mined":{"minecraft:crafting_table":2,"minecraft:torch":1,"minecraft:granite":11,"minecraft:grass_block":7,"luminousworld:auburnlog":2,"minecraft:sugar_cane":4,"minecraft:wall_torch":1,"minecraft:furnace":2,"minecraft:iron_ore":5,"minecraft:andesite":23,"minecraft:grass":5,"minecraft:oak_log":54,"minecraft:coal_ore":16,"minecraft:gravel":2,"minecraft:dirt":14,"luminousworld:grassvariant_3":1,"minecraft:stone":157,"minecraft:oak_leaves":3}},"DataVersion":3465}