{"stats":{"minecraft:killed":{"minecraft:sheep":1},"minecraft:picked_up":{"minecraft:raw_iron":5,"luminousworld:auburnlog":2,"minecraft:andesite":13,"minecraft:oak_log":50,"minecraft:dirt":9,"minecraft:granite":11,"minecraft:mutton":2,"minecraft:white_wool":1,"minecraft:cobblestone":89},"minecraft:broken":{"minecraft:wooden_axe":1,"minecraft:wooden_pickaxe":1},"minecraft:used":{"minecraft:cooked_mutton":2,"minecraft:wooden_axe":57,"minecraft:stone_pickaxe":61,"minecraft:wooden_pickaxe":59,"minecraft:torch":4,"minecraft:dirt":9,"minecraft:cobblestone":1,"minecraft:crafting_table":2,"minecraft:furnace":1,"alexsmobs:animal_dictionary":1},"minecraft:custom":{"minecraft:time_since_rest":17358,"minecraft:sprint_one_cm":23587,"minecraft:interact_with_furnace":7,"minecraft:damage_taken":145,"minecraft:walk_one_cm":30366,"minecraft:mob_kills":1,"minecraft:drop":1,"minecraft:damage_dealt":80,"minecraft:swim_one_cm":524,"minecraft:interact_with_crafting_table":4,"minecraft:fly_one_cm":17639,"minecraft:crouch_one_cm":759,"minecraft:play_time":17358,"minecraft:sneak_time":286,"minecraft:walk_under_water_one_cm":261,"minecraft:jump":122,"minecraft:leave_game":1,"minecraft:time_since_death":17358,"minecraft:walk_on_water_one_cm":261,"minecraft:total_world_time":17358,"minecraft:fall_one_cm":838},"minecraft:dropped":{"alexsmobs:animal_dictionary":1},"minecraft:crafted":{"minecraft:oak_planks":64,"minecraft:charcoal":6,"minecraft:crafting_table":2,"minecraft:stick":20,"minecraft:iron_ingot":5,"minecraft:wooden_pickaxe":1,"minecraft:stone_pickaxe":1,"minecraft:wooden_axe":1,"minecraft:furnace":1,"minecraft:torch":24,"minecraft:stone_axe":1,"minecraft:cooked_mutton":2},"minecraft:mined":{"minecraft:iron_ore":5,"minecraft:andesite":13,"minecraft:granite":11,"minecraft:grass":1,"minecraft:grass_block":1,"minecraft:oak_log":54,"minecraft:dirt":8,"luminousworld:auburnlog":2,"minecraft:stone":90,"minecraft:oak_leaves":3}},"DataVersion":3465}