{"stats":{"minecraft:killed_by":{"minecraft:player":1,"born_in_chaos_v1:glutton_fish":1,"iceandfire:gorgon":4,"minecraft:cave_spider":1,"minecraft:zombie":1},"minecraft:killed":{"minecraft:cave_spider":1,"minecraft:witch":2,"undead_revamp2:thegliter":1,"enemyexpansion:intruder":1,"minecraft:spider":2,"enemyexpansion:direwolf":2,"born_in_chaos_v1:siamese_skeletonsright":1,"born_in_chaos_v1:scarlet_persecutor":1,"undead_revamp2:theswarmer":1,"born_in_chaos_v1:maggot":2,"minecraft:skeleton":3,"artifacts:mimic":2,"born_in_chaos_v1:baby_skeleton":1,"born_in_chaos_v1:glutton_fish":1,"minecraft:pillager":7,"minecraft:zombie":12,"born_in_chaos_v1:dread_hound":1,"born_in_chaos_v1:corpse_fly":1,"enemyexpansion:huntsman":1,"born_in_chaos_v1:door_knight":1,"born_in_chaos_v1:siamese_skeletonsleft":1},"minecraft:picked_up":{"minecraft:crafting_table":8,"minecraft:iron_chestplate":1,"illagerinvasion:platinum_chunk":9,"alexscaves:cave_tablet":1,"minecraft:shield":1,"born_in_chaos_v1:black_argillite":6,"minecraft:string":6,"minecraft:raw_copper":13,"minecraft:iron_leggings":1,"minecraft:item_frame":1,"minecraft:cracked_stone_bricks":7,"minecraft:gold_nugget":42,"minecraft:cobbled_deepslate":11,"minecraft:bucket":2,"minecraft:calcite":4,"alexsmobs:elastic_tendon":1,"minecraft:iron_boots":1,"minecraft:raw_iron":58,"ecologics:coconut_slice":5,"minecraft:torch":34,"minecraft:green_bed":1,"minecraft:spruce_stairs":1,"tombstone:grave_dust":3,"minecraft:stone_sword":1,"minecraft:rotten_flesh":18,"minecraft:hay_block":66,"supplementaries:antique_ink":4,"supplementaries:ash":20,"minecraft:obsidian":10,"minecraft:cobblestone":33,"minecraft:bone_block":28,"born_in_chaos_v1:fused_bone":3,"born_in_chaos_v1:corpse_maggot":7,"luminousworld:ishstone":1,"minecraft:flint":2,"minecraft:tuff":3,"minecraft:oak_log":9,"supplementaries:flax_seeds":3,"minecraft:gunpowder":6,"minecraft:dirt":12,"artifacts:flippers":1,"minecraft:bone":14,"minecraft:stone_bricks":1,"minecraft:bow":1,"minecraft:wheat_seeds":1,"minecraft:raw_gold":3,"minecraft:iron_ingot":2,"minecraft:stone_pickaxe":1,"alexsmobs:blobfish":1,"minecraft:oak_planks":14,"minecraft:iron_sword":1,"minecraft:smooth_basalt":2,"minecraft:quartz":1,"minecraft:red_wool":1,"born_in_chaos_v1:ethereal_spirit":1,"ecologics:coconut_husk":1,"minecraft:white_bed":1,"minecraft:spider_eye":2,"alexsmobs:animal_dictionary":3,"minecraft:bundle":1,"minecraft:diamond":3,"minecraft:stone_axe":1,"minecraft:chainmail_leggings":1,"minecraft:iron_helmet":1,"minecraft:bread":48,"minecraft:emerald":10,"born_in_chaos_v1:rotten_fish":11,"born_in_chaos_v1:sea_terror_stomach":1,"minecraft:coal":2},"minecraft:broken":{"minecraft:iron_chestplate":1,"minecraft:stone_axe":1,"minecraft:iron_helmet":1,"aether:leather_gloves":1},"minecraft:custom":{"minecraft:mob_kills":52,"minecraft:interact_with_crafting_table":11,"minecraft:open_barrel":8,"minecraft:damage_dealt_resisted":604,"minecraft:eat_cake_slice":5,"minecraft:leave_game":1,"minecraft:time_since_death":1672,"minecraft:climb_one_cm":2836,"minecraft:sprint_one_cm":301169,"minecraft:walk_one_cm":234525,"minecraft:drop":58,"minecraft:damage_dealt_absorbed":7,"minecraft:talked_to_villager":3,"minecraft:play_time":90936,"minecraft:deaths":9,"minecraft:sneak_time":1559,"minecraft:walk_under_water_one_cm":6269,"minecraft:jump":1860,"minecraft:walk_on_water_one_cm":32060,"minecraft:total_world_time":90936,"minecraft:interact_with_furnace":7,"tombstone:raider_killed":9,"minecraft:interact_with_loom":1,"minecraft:time_since_rest":1522,"minecraft:damage_taken":2147483647,"minecraft:damage_dealt":13248,"minecraft:swim_one_cm":42476,"minecraft:player_kills":1,"minecraft:fly_one_cm":393672,"minecraft:open_chest":17,"minecraft:crouch_one_cm":4631,"tombstone:undead_killed":22,"minecraft:fall_one_cm":38864},"minecraft:used":{"minecraft:stone_sword":61,"born_in_chaos_v1:ethereal_spirit":9,"minecraft:iron_sword":179,"minecraft:torch":8,"minecraft:tuff":1,"born_in_chaos_v1:corpse_maggot":2,"minecraft:iron_axe":4,"minecraft:stone_bricks":1,"tombstone:gift":4,"minecraft:cobbled_deepslate":4,"minecraft:water_bucket":10,"minecraft:oak_planks":20,"minecraft:stone_pickaxe":47,"minecraft:wooden_pickaxe":5,"minecraft:cracked_stone_bricks":1,"minecraft:crafting_table":9,"minecraft:white_bed":1,"minecraft:diamond_pickaxe":72,"minecraft:bread":58,"minecraft:stone_axe":108,"minecraft:cobblestone":2,"minecraft:bucket":10,"quark:oak_chest":1},"minecraft:dropped":{"minecraft:bread":75,"ecologics:coconut_slice":5,"minecraft:cracked_stone_bricks":6,"minecraft:item_frame":1,"minecraft:flint":1,"minecraft:dirt":12,"illagerinvasion:platinum_chunk":9,"born_in_chaos_v1:black_argillite":6,"tombstone:grave_dust":4,"minecraft:string":5,"minecraft:bucket":1,"alexsmobs:animal_dictionary":3,"minecraft:cobbled_deepslate":7,"minecraft:green_bed":1,"minecraft:tuff":2,"tombstone:gift":1,"born_in_chaos_v1:ethereal_spirit":1,"minecraft:rotten_flesh":18,"minecraft:oak_planks":5,"born_in_chaos_v1:corpse_maggot":2,"ecologics:coconut_husk":1,"minecraft:spider_eye":2,"minecraft:calcite":4},"minecraft:crafted":{"minecraft:oak_planks":36,"minecraft:iron_axe":1,"minecraft:stone_pickaxe":1,"minecraft:wheat":594,"minecraft:crafting_table":1,"minecraft:wooden_pickaxe":1,"minecraft:bucket":1,"minecraft:stone_axe":1,"minecraft:bread":198,"minecraft:iron_chestplate":1,"minecraft:diamond_pickaxe":1,"minecraft:stick":16,"quark:oak_chest":1,"minecraft:torch":8},"minecraft:mined":{"minecraft:tuff":4,"minecraft:white_bed":1,"minecraft:obsidian":10,"minecraft:grass_block":3,"born_in_chaos_v1:black_argillite":6,"minecraft:hay_block":66,"minecraft:iron_ore":10,"minecraft:deepslate_iron_ore":25,"minecraft:stone":33,"minecraft:deepslate_redstone_ore":3,"minecraft:crafting_table":8,"minecraft:calcite":2,"minecraft:tall_grass":3,"minecraft:oak_planks":2,"supplementaries:urn":9,"minecraft:spruce_stairs":1,"minecraft:grass":7,"minecraft:oak_log":9,"luminousworld:ishstone":1,"minecraft:gravel":1,"minecraft:dirt":6,"minecraft:cobweb":1,"minecraft:smooth_basalt":2,"minecraft:cracked_stone_bricks":7,"minecraft:stone_bricks":5,"minecraft:deepslate":7}},"DataVersion":3465}