{"stats":{"minecraft:killed_by":{"minecraft:player":1,"born_in_chaos_v1:glutton_fish":1},"minecraft:killed":{"minecraft:zombie":1,"born_in_chaos_v1:glutton_fish":1,"undead_revamp2:theswarmer":1},"minecraft:picked_up":{"minecraft:raw_iron":1,"born_in_chaos_v1:corpse_maggot":2,"minecraft:crafting_table":6,"minecraft:quartz":1,"minecraft:spruce_stairs":1,"minecraft:oak_log":9,"minecraft:white_bed":1,"alexsmobs:animal_dictionary":3,"minecraft:item_frame":1,"minecraft:stone_sword":1,"minecraft:bone":1,"minecraft:rotten_flesh":2,"minecraft:cracked_stone_bricks":5,"minecraft:stone_axe":1,"minecraft:bow":1,"minecraft:wheat_seeds":1,"minecraft:hay_block":66,"minecraft:iron_ingot":2,"minecraft:stone_pickaxe":1,"born_in_chaos_v1:rotten_fish":11,"born_in_chaos_v1:sea_terror_stomach":1,"minecraft:coal":2,"minecraft:cobblestone":12},"minecraft:used":{"born_in_chaos_v1:corpse_maggot":2,"minecraft:water_bucket":1,"minecraft:stone_sword":9,"minecraft:bread":15,"minecraft:stone_pickaxe":18,"minecraft:oak_planks":6,"minecraft:wooden_pickaxe":5,"minecraft:stone_axe":101,"minecraft:crafting_table":6,"minecraft:bucket":1,"tombstone:gift":2},"minecraft:custom":{"minecraft:time_since_rest":6174,"minecraft:sprint_one_cm":114684,"minecraft:damage_taken":1310,"minecraft:walk_one_cm":70033,"minecraft:mob_kills":4,"minecraft:drop":3,"minecraft:damage_dealt":1823,"minecraft:talked_to_villager":3,"minecraft:interact_with_crafting_table":8,"minecraft:player_kills":1,"minecraft:swim_one_cm":35922,"minecraft:fly_one_cm":121338,"minecraft:open_chest":5,"minecraft:crouch_one_cm":2454,"minecraft:play_time":30936,"tombstone:undead_killed":2,"minecraft:deaths":2,"minecraft:sneak_time":890,"minecraft:walk_under_water_one_cm":4451,"minecraft:jump":556,"minecraft:eat_cake_slice":5,"minecraft:leave_game":1,"minecraft:time_since_death":7992,"minecraft:walk_on_water_one_cm":7649,"minecraft:climb_one_cm":328,"minecraft:total_world_time":30936,"minecraft:fall_one_cm":11254},"minecraft:dropped":{"alexsmobs:animal_dictionary":2,"tombstone:grave_dust":1},"minecraft:crafted":{"minecraft:oak_planks":36,"minecraft:iron_chestplate":1,"minecraft:crafting_table":1,"minecraft:stick":8,"minecraft:wooden_pickaxe":1,"minecraft:stone_pickaxe":1,"minecraft:bucket":1,"minecraft:stone_axe":1,"minecraft:bread":198,"minecraft:wheat":594},"minecraft:mined":{"minecraft:hay_block":66,"minecraft:spruce_stairs":1,"minecraft:white_bed":1,"minecraft:iron_ore":1,"minecraft:crafting_table":6,"minecraft:grass":5,"minecraft:oak_log":9,"minecraft:cracked_stone_bricks":6,"minecraft:tall_grass":1,"minecraft:stone_bricks":3,"minecraft:stone":12,"minecraft:oak_planks":1}},"DataVersion":3465}