{"stats":{"minecraft:killed_by":{"iceandfire:gorgon":4,"minecraft:player":1,"minecraft:cave_spider":1,"born_in_chaos_v1:glutton_fish":1},"minecraft:killed":{"minecraft:cave_spider":1,"born_in_chaos_v1:glutton_fish":1,"minecraft:spider":1,"undead_revamp2:theswarmer":1,"minecraft:skeleton":1,"minecraft:pillager":7,"minecraft:zombie":1,"artifacts:mimic":1},"minecraft:picked_up":{"born_in_chaos_v1:corpse_maggot":2,"minecraft:crafting_table":7,"illagerinvasion:platinum_chunk":9,"minecraft:oak_log":9,"minecraft:dirt":12,"minecraft:string":2,"minecraft:item_frame":1,"minecraft:bone":1,"minecraft:stone_bricks":1,"minecraft:bow":1,"minecraft:cracked_stone_bricks":7,"minecraft:wheat_seeds":1,"minecraft:iron_ingot":2,"minecraft:stone_pickaxe":1,"minecraft:raw_iron":5,"minecraft:green_bed":1,"born_in_chaos_v1:ethereal_spirit":1,"minecraft:quartz":1,"minecraft:spruce_stairs":1,"tombstone:grave_dust":1,"minecraft:white_bed":1,"alexsmobs:animal_dictionary":3,"minecraft:stone_sword":1,"minecraft:rotten_flesh":2,"minecraft:stone_axe":1,"minecraft:hay_block":66,"minecraft:emerald":5,"minecraft:bread":41,"born_in_chaos_v1:rotten_fish":11,"minecraft:coal":2,"born_in_chaos_v1:sea_terror_stomach":1,"minecraft:cobblestone":12},"minecraft:broken":{"minecraft:stone_axe":1,"minecraft:iron_helmet":1,"minecraft:iron_chestplate":1},"minecraft:used":{"minecraft:water_bucket":1,"minecraft:stone_sword":61,"born_in_chaos_v1:ethereal_spirit":9,"minecraft:stone_pickaxe":28,"minecraft:oak_planks":18,"minecraft:wooden_pickaxe":5,"minecraft:iron_sword":23,"minecraft:torch":2,"minecraft:crafting_table":7,"born_in_chaos_v1:corpse_maggot":2,"minecraft:iron_axe":1,"minecraft:bread":35,"minecraft:stone_axe":108,"minecraft:bucket":2,"tombstone:gift":4},"minecraft:custom":{"minecraft:interact_with_furnace":1,"minecraft:mob_kills":15,"tombstone:raider_killed":7,"minecraft:interact_with_crafting_table":9,"minecraft:open_barrel":6,"minecraft:eat_cake_slice":5,"minecraft:leave_game":1,"minecraft:time_since_death":2391,"minecraft:climb_one_cm":1461,"minecraft:time_since_rest":1,"minecraft:sprint_one_cm":193936,"minecraft:damage_taken":2147483647,"minecraft:walk_one_cm":126656,"minecraft:drop":33,"minecraft:damage_dealt":5629,"minecraft:damage_dealt_absorbed":7,"minecraft:swim_one_cm":42224,"minecraft:talked_to_villager":3,"minecraft:fly_one_cm":267251,"minecraft:player_kills":1,"minecraft:open_chest":15,"minecraft:crouch_one_cm":2894,"minecraft:play_time":54936,"tombstone:undead_killed":3,"minecraft:deaths":7,"minecraft:sneak_time":1085,"minecraft:walk_under_water_one_cm":6005,"minecraft:jump":1117,"minecraft:walk_on_water_one_cm":11048,"minecraft:total_world_time":54936,"minecraft:fall_one_cm":25355},"minecraft:dropped":{"minecraft:bread":75,"alexsmobs:animal_dictionary":3,"minecraft:green_bed":1,"born_in_chaos_v1:ethereal_spirit":1,"minecraft:cracked_stone_bricks":6,"minecraft:item_frame":1,"illagerinvasion:platinum_chunk":9,"tombstone:grave_dust":2,"minecraft:string":2},"minecraft:crafted":{"minecraft:oak_planks":36,"minecraft:crafting_table":1,"minecraft:wooden_pickaxe":1,"minecraft:bucket":1,"minecraft:stone_axe":1,"minecraft:bread":198,"minecraft:iron_chestplate":1,"minecraft:iron_axe":1,"minecraft:stick":12,"minecraft:stone_pickaxe":1,"minecraft:torch":8,"minecraft:wheat":594},"minecraft:mined":{"minecraft:white_bed":1,"minecraft:crafting_table":7,"minecraft:grass_block":3,"minecraft:tall_grass":3,"minecraft:oak_planks":1,"minecraft:spruce_stairs":1,"minecraft:hay_block":66,"minecraft:iron_ore":5,"minecraft:grass":7,"minecraft:oak_log":9,"minecraft:dirt":6,"minecraft:cobweb":1,"minecraft:cracked_stone_bricks":7,"minecraft:stone":12,"minecraft:stone_bricks":5}},"DataVersion":3465}