{"stats":{"minecraft:killed_by":{"minecraft:player":1},"minecraft:killed":{"minecraft:zombie":1},"minecraft:picked_up":{"born_in_chaos_v1:corpse_maggot":2,"minecraft:crafting_table":3,"minecraft:quartz":1,"minecraft:spruce_stairs":1,"minecraft:oak_log":9,"minecraft:white_bed":1,"alexsmobs:animal_dictionary":3,"minecraft:item_frame":1,"minecraft:stone_sword":1,"minecraft:bow":1,"minecraft:wheat_seeds":1,"minecraft:hay_block":66,"minecraft:stone_pickaxe":1,"minecraft:cobblestone":11},"minecraft:used":{"born_in_chaos_v1:corpse_maggot":2,"minecraft:bread":4,"minecraft:stone_pickaxe":7,"minecraft:oak_planks":6,"minecraft:wooden_pickaxe":5,"minecraft:stone_axe":80,"minecraft:crafting_table":3,"tombstone:gift":2},"minecraft:custom":{"minecraft:time_since_rest":13753,"minecraft:sprint_one_cm":63329,"minecraft:damage_taken":560,"minecraft:walk_one_cm":47754,"minecraft:mob_kills":2,"minecraft:drop":3,"minecraft:damage_dealt":492,"minecraft:interact_with_crafting_table":4,"minecraft:player_kills":1,"minecraft:swim_one_cm":12127,"minecraft:fly_one_cm":56315,"minecraft:open_chest":4,"minecraft:crouch_one_cm":931,"minecraft:play_time":18936,"tombstone:undead_killed":1,"minecraft:deaths":1,"minecraft:sneak_time":255,"minecraft:walk_under_water_one_cm":539,"minecraft:jump":274,"minecraft:eat_cake_slice":5,"minecraft:leave_game":1,"minecraft:time_since_death":15017,"minecraft:walk_on_water_one_cm":637,"minecraft:total_world_time":18936,"minecraft:fall_one_cm":6742},"minecraft:dropped":{"alexsmobs:animal_dictionary":2,"tombstone:grave_dust":1},"minecraft:crafted":{"minecraft:oak_planks":36,"minecraft:crafting_table":1,"minecraft:stick":8,"minecraft:wooden_pickaxe":1,"minecraft:stone_pickaxe":1,"minecraft:stone_axe":1,"minecraft:bread":143,"minecraft:wheat":594},"minecraft:mined":{"minecraft:hay_block":66,"minecraft:spruce_stairs":1,"minecraft:white_bed":1,"minecraft:crafting_table":3,"minecraft:grass":4,"minecraft:oak_log":9,"minecraft:tall_grass":1,"minecraft:stone":11,"minecraft:oak_planks":1}},"DataVersion":3465}