{"stats":{"minecraft:dropped":{"tombstone:grave_dust":1,"alexsmobs:animal_dictionary":2},"minecraft:killed_by":{"minecraft:player":1},"minecraft:mined":{"minecraft:grass":1},"minecraft:custom":{"minecraft:time_since_rest":1201,"minecraft:crouch_one_cm":881,"minecraft:play_time":6384,"minecraft:sprint_one_cm":10595,"minecraft:walk_one_cm":21195,"minecraft:damage_taken":270,"minecraft:deaths":1,"minecraft:sneak_time":236,"minecraft:mob_kills":1,"minecraft:drop":3,"minecraft:jump":100,"minecraft:damage_dealt":291,"minecraft:leave_game":1,"minecraft:time_since_death":2465,"minecraft:total_world_time":6384,"minecraft:player_kills":1,"minecraft:fall_one_cm":1312,"minecraft:fly_one_cm":19182},"minecraft:picked_up":{"born_in_chaos_v1:corpse_maggot":2,"alexsmobs:animal_dictionary":3},"minecraft:used":{"tombstone:gift":2}},"DataVersion":3465}