{"stats":{"minecraft:killed_by":{"minecraft:player":1,"minecraft:vindicator":1},"minecraft:killed":{"born_in_chaos_v1:pumpkin_spirit":1,"minecraft:vindicator":5,"enemyexpansion:equestrian":1,"minecraft:skeleton":1,"minecraft:chicken":1,"luminousworld:monarch":1,"minecraft:pig":1,"minecraft:pillager":17,"minecraft:zombie":2,"luminousworld:brown_squirrel":1,"born_in_chaos_v1:corpse_fly":1,"naturalist:lizard":1},"minecraft:picked_up":{"luminousworld:groundpebbles_1":2,"minecraft:crafting_table":8,"illagerinvasion:platinum_chunk":8,"minecraft:chicken":1,"minecraft:enchanted_book":1,"minecraft:string":1,"minecraft:cracked_stone_bricks":12,"minecraft:iron_nugget":21,"minecraft:iron_pickaxe":1,"minecraft:sugar_cane":8,"minecraft:furnace":4,"minecraft:raw_iron":75,"minecraft:stick":3,"ecologics:coconut_slice":2,"minecraft:torch":1,"minecraft:green_bed":1,"minecraft:porkchop":1,"luminousworld:raw_squirrel":1,"tombstone:grave_dust":1,"minecraft:diorite":4,"minecraft:redstone":2,"minecraft:rotten_flesh":2,"minecraft:hay_block":5,"supplementaries:ash":9,"minecraft:cobblestone":116,"born_in_chaos_v1:corpse_maggot":2,"minecraft:andesite":9,"minecraft:oak_log":13,"artifacts:cloud_in_a_bottle":1,"minecraft:dirt":41,"born_in_chaos_v1:marigolds":1,"minecraft:bone":15,"minecraft:stone_bricks":29,"minecraft:wheat_seeds":5,"minecraft:oak_planks":17,"minecraft:chiseled_stone_bricks":2,"born_in_chaos_v1:ethereal_spirit":2,"minecraft:spider_eye":1,"alexsmobs:animal_dictionary":1,"minecraft:mossy_cobblestone":3,"minecraft:bundle":1,"minecraft:purple_bed":2,"minecraft:diamond":1,"minecraft:lever":1,"minecraft:granite":6,"minecraft:emerald":27,"minecraft:bread":83,"minecraft:coal":110,"iceandfire:raw_silver":6},"minecraft:used":{"minecraft:shield":2,"minecraft:iron_sword":117,"minecraft:torch":3,"minecraft:dirt":12,"iceandfire:armor_silver_metal_helmet":1,"minecraft:granite":4,"minecraft:dark_oak_planks":6,"minecraft:wooden_axe":3,"minecraft:iron_axe":1,"minecraft:stone_bricks":1,"luminousworld:cooked_squirrel":1,"minecraft:furnace":4,"tombstone:gift":2,"minecraft:diorite":1,"minecraft:bundle":4,"minecraft:stone_pickaxe":186,"minecraft:wooden_pickaxe":9,"luminousworld:groundpebbles_1":2,"minecraft:green_bed":1,"minecraft:crafting_table":8,"minecraft:bread":18,"minecraft:iron_pickaxe":43,"ecologics:coconut_slice":1,"minecraft:stone_axe":20,"minecraft:cobblestone":59,"minecraft:purple_bed":2,"alexsmobs:animal_dictionary":2},"minecraft:custom":{"minecraft:interact_with_smithing_table":1,"minecraft:mob_kills":34,"minecraft:interact_with_crafting_table":18,"minecraft:open_barrel":7,"minecraft:leave_game":5,"minecraft:time_since_death":13260,"minecraft:climb_one_cm":1324,"minecraft:sprint_one_cm":136777,"minecraft:walk_one_cm":137420,"minecraft:damage_blocked_by_shield":105,"minecraft:drop":53,"minecraft:damage_dealt_absorbed":73,"minecraft:play_time":57167,"minecraft:deaths":2,"minecraft:sneak_time":6166,"minecraft:walk_under_water_one_cm":1786,"tombstone:tomb_raiding":1,"minecraft:jump":1096,"minecraft:walk_on_water_one_cm":5795,"minecraft:total_world_time":57167,"minecraft:interact_with_furnace":15,"tombstone:raider_killed":22,"minecraft:time_since_rest":13096,"minecraft:damage_taken":1416,"minecraft:damage_dealt":6652,"minecraft:player_kills":1,"minecraft:swim_one_cm":14208,"minecraft:fly_one_cm":198314,"minecraft:open_chest":7,"minecraft:crouch_one_cm":18131,"tombstone:undead_killed":4,"minecraft:fall_one_cm":19637},"minecraft:dropped":{"minecraft:enchanted_book":1,"minecraft:bread":54,"iceandfire:raw_silver":1,"minecraft:wheat_seeds":5,"ecologics:coconut_slice":1,"minecraft:feather":5,"minecraft:cobblestone":13,"minecraft:granite":2,"minecraft:cracked_stone_bricks":12,"minecraft:coal":66,"minecraft:emerald":18,"minecraft:dirt":16,"illagerinvasion:platinum_chunk":4,"minecraft:diorite":3,"minecraft:wooden_axe":1,"tombstone:grave_dust":1,"minecraft:bone":12,"alexsmobs:animal_dictionary":2,"minecraft:wheat":1,"born_in_chaos_v1:ethereal_spirit":1,"minecraft:raw_iron":32,"minecraft:rotten_flesh":2,"minecraft:oak_planks":17,"minecraft:chiseled_stone_bricks":2,"minecraft:bundle":1,"minecraft:andesite":9,"born_in_chaos_v1:corpse_maggot":2,"ecologics:coconut_husk":1,"minecraft:spider_eye":1,"minecraft:stone_bricks":28,"minecraft:wooden_pickaxe":2,"minecraft:stone_pickaxe":2,"born_in_chaos_v1:marigolds":1},"minecraft:crafted":{"minecraft:oak_planks":52,"minecraft:furnace":2,"luminousworld:cooked_squirrel":1,"minecraft:stone_pickaxe":2,"minecraft:dark_oak_planks":24,"minecraft:wheat":45,"iceandfire:silver_ingot":5,"minecraft:crafting_table":2,"minecraft:wooden_pickaxe":2,"minecraft:iron_sword":1,"minecraft:stone_axe":2,"minecraft:bread":21,"minecraft:air":0,"iceandfire:armor_silver_metal_helmet":1,"minecraft:shield":1,"minecraft:stick":20,"minecraft:iron_ingot":7,"minecraft:wooden_axe":1,"minecraft:torch":4},"minecraft:mined":{"iceandfire:silver_ore":5,"minecraft:mossy_cobblestone":3,"minecraft:deepslate_diamond_ore":1,"minecraft:granite":6,"minecraft:grass_block":7,"minecraft:redstone_wire":1,"luminousworld:grassvariant_2":3,"minecraft:chiseled_stone_bricks":1,"minecraft:hay_block":4,"minecraft:furnace":4,"minecraft:iron_ore":36,"minecraft:andesite":9,"minecraft:stone":95,"minecraft:green_bed":1,"born_in_chaos_v1:marigolds":1,"minecraft:crafting_table":8,"supplementaries:wild_flax":1,"minecraft:tall_grass":4,"minecraft:cobblestone":13,"minecraft:sugar_cane":3,"minecraft:diorite":4,"supplementaries:urn":2,"minecraft:purple_bed":2,"minecraft:grass":13,"minecraft:coal_ore":41,"minecraft:oak_log":13,"minecraft:dirt":6,"luminousworld:grassvariant_3":7,"minecraft:cobweb":2,"minecraft:cracked_stone_bricks":1,"minecraft:stone_bricks":16}},"DataVersion":3465}