{"stats":{"minecraft:killed_by":{"minecraft:player":1},"minecraft:killed":{"luminousworld:brown_squirrel":1,"born_in_chaos_v1:corpse_fly":1},"minecraft:picked_up":{"born_in_chaos_v1:corpse_maggot":2,"luminousworld:groundpebbles_1":2,"minecraft:crafting_table":3,"minecraft:chiseled_stone_bricks":2,"minecraft:torch":1,"minecraft:oak_log":11,"luminousworld:raw_squirrel":1,"tombstone:grave_dust":1,"minecraft:redstone":2,"minecraft:dirt":5,"alexsmobs:animal_dictionary":1,"minecraft:mossy_cobblestone":3,"minecraft:bone":3,"minecraft:stone_bricks":7,"minecraft:wheat_seeds":1,"minecraft:lever":1,"minecraft:sugar_cane":8,"minecraft:coal":1,"minecraft:cobblestone":46,"minecraft:furnace":1},"minecraft:used":{"minecraft:wooden_axe":3,"minecraft:stone_pickaxe":58,"luminousworld:groundpebbles_1":2,"minecraft:wooden_pickaxe":3,"minecraft:stone_bricks":1,"minecraft:stone_axe":1,"luminousworld:cooked_squirrel":1,"minecraft:cobblestone":7,"minecraft:dirt":2,"minecraft:crafting_table":3,"minecraft:furnace":1,"tombstone:gift":1,"alexsmobs:animal_dictionary":2},"minecraft:custom":{"minecraft:time_since_rest":2822,"minecraft:sprint_one_cm":59053,"minecraft:interact_with_furnace":3,"minecraft:damage_taken":308,"minecraft:walk_one_cm":64344,"minecraft:mob_kills":2,"minecraft:drop":11,"minecraft:damage_dealt":256,"minecraft:swim_one_cm":12718,"minecraft:interact_with_crafting_table":5,"minecraft:fly_one_cm":85685,"minecraft:player_kills":1,"minecraft:crouch_one_cm":7874,"minecraft:play_time":22104,"minecraft:deaths":1,"minecraft:sneak_time":2792,"minecraft:walk_under_water_one_cm":1133,"tombstone:tomb_raiding":1,"minecraft:jump":440,"minecraft:leave_game":4,"minecraft:time_since_death":17993,"minecraft:walk_on_water_one_cm":4251,"minecraft:total_world_time":22104,"minecraft:fall_one_cm":6504},"minecraft:dropped":{"minecraft:chiseled_stone_bricks":2,"minecraft:dirt":3,"minecraft:wheat_seeds":1,"alexsmobs:animal_dictionary":2,"born_in_chaos_v1:corpse_maggot":2,"tombstone:grave_dust":1},"minecraft:crafted":{"minecraft:oak_planks":44,"minecraft:crafting_table":2,"minecraft:stick":12,"minecraft:stone_pickaxe":1,"minecraft:wooden_pickaxe":1,"luminousworld:cooked_squirrel":1,"minecraft:wooden_axe":1,"minecraft:furnace":1,"minecraft:stone_axe":1,"minecraft:air":0},"minecraft:mined":{"minecraft:furnace":1,"minecraft:mossy_cobblestone":3,"minecraft:crafting_table":3,"minecraft:grass":5,"minecraft:grass_block":2,"minecraft:oak_log":11,"minecraft:coal_ore":1,"minecraft:redstone_wire":1,"luminousworld:grassvariant_2":1,"luminousworld:grassvariant_3":5,"minecraft:cobblestone":4,"minecraft:stone_bricks":7,"minecraft:stone":43,"minecraft:sugar_cane":3,"minecraft:chiseled_stone_bricks":1}},"DataVersion":3465}