{"stats":{"minecraft:killed_by":{"minecraft:player":1,"minecraft:vindicator":1},"minecraft:killed":{"minecraft:cave_spider":1,"born_in_chaos_v1:pumpkin_spirit":1,"minecraft:spider":2,"minecraft:vindicator":5,"enemyexpansion:equestrian":1,"alexsmobs:murmur":1,"quark:toretoise":2,"born_in_chaos_v1:maggot":1,"minecraft:skeleton":2,"minecraft:chicken":1,"luminousworld:monarch":1,"enemyexpansion:vampflyer":1,"minecraft:pig":1,"born_in_chaos_v1:diamond_termite":1,"minecraft:pillager":17,"minecraft:zombie":8,"enemyexpansion:vampire":1,"luminousworld:brown_squirrel":1,"born_in_chaos_v1:corpse_fly":1,"enemyexpansion:huntsman":1,"naturalist:lizard":1},"minecraft:picked_up":{"born_in_chaos_v1:diamond_termite_shard":2,"luminousworld:groundpebbles_1":2,"minecraft:crafting_table":8,"illagerinvasion:platinum_chunk":8,"minecraft:chicken":1,"supplementaries:bomb_blue":1,"minecraft:enchanted_book":1,"born_in_chaos_v1:black_argillite":1,"minecraft:string":1,"minecraft:raw_copper":7,"minecraft:zombie_head":1,"minecraft:cracked_stone_bricks":12,"minecraft:cobbled_deepslate":18,"minecraft:iron_nugget":21,"minecraft:iron_pickaxe":1,"minecraft:sugar_cane":8,"minecraft:furnace":6,"minecraft:raw_iron":102,"minecraft:stick":3,"ecologics:coconut_slice":2,"minecraft:torch":1,"minecraft:green_bed":1,"minecraft:porkchop":1,"luminousworld:raw_squirrel":1,"tombstone:grave_dust":3,"minecraft:diorite":4,"minecraft:redstone":2,"quark:ancient_tome":3,"minecraft:tnt":3,"minecraft:arrow":2,"minecraft:rotten_flesh":9,"minecraft:hay_block":5,"supplementaries:ash":10,"minecraft:rail":1,"minecraft:cobblestone":123,"born_in_chaos_v1:corpse_maggot":2,"minecraft:andesite":11,"minecraft:black_bed":1,"minecraft:tuff":4,"minecraft:oak_log":13,"supplementaries:flax_seeds":2,"artifacts:cloud_in_a_bottle":1,"minecraft:dirt":41,"artifacts:flippers":1,"born_in_chaos_v1:marigolds":1,"minecraft:bone":25,"minecraft:stone_bricks":29,"minecraft:wheat_seeds":5,"minecraft:raw_gold":27,"minecraft:cobweb":9,"minecraft:mossy_stone_bricks":1,"minecraft:iron_sword":1,"minecraft:oak_planks":19,"minecraft:book":3,"minecraft:chiseled_stone_bricks":2,"born_in_chaos_v1:ethereal_spirit":2,"minecraft:raw_iron_block":2,"minecraft:spider_eye":1,"alexsmobs:animal_dictionary":1,"minecraft:mossy_cobblestone":3,"minecraft:bundle":1,"minecraft:purple_bed":2,"minecraft:diamond":6,"minecraft:lever":1,"minecraft:chainmail_leggings":1,"minecraft:granite":6,"minecraft:emerald":49,"minecraft:bread":89,"minecraft:coal":111,"iceandfire:raw_silver":6},"minecraft:used":{"quark:ancient_tome":1,"minecraft:shield":4,"minecraft:iron_sword":125,"minecraft:torch":11,"minecraft:dirt":25,"minecraft:tuff":1,"iceandfire:armor_silver_metal_helmet":1,"minecraft:granite":4,"minecraft:dark_oak_planks":6,"minecraft:wooden_axe":3,"minecraft:lava_bucket":2,"minecraft:iron_axe":1,"minecraft:iron_boots":1,"minecraft:stone_bricks":1,"supplementaries:bomb_blue":1,"luminousworld:cooked_squirrel":1,"minecraft:furnace":8,"tombstone:gift":4,"minecraft:cobbled_deepslate":8,"minecraft:iron_leggings":1,"minecraft:water_bucket":3,"minecraft:diorite":1,"minecraft:bundle":4,"minecraft:stone_pickaxe":186,"minecraft:wooden_pickaxe":9,"minecraft:diamond_axe":94,"luminousworld:groundpebbles_1":2,"minecraft:green_bed":1,"minecraft:rail":1,"minecraft:crafting_table":10,"minecraft:bread":28,"minecraft:iron_pickaxe":124,"ecologics:coconut_slice":1,"minecraft:stone_axe":20,"minecraft:cobblestone":64,"minecraft:purple_bed":2,"minecraft:andesite":2,"minecraft:bucket":6,"alexsmobs:animal_dictionary":2},"minecraft:custom":{"minecraft:interact_with_smithing_table":2,"minecraft:mob_kills":52,"minecraft:interact_with_crafting_table":32,"minecraft:open_barrel":18,"minecraft:leave_game":5,"minecraft:time_since_death":37260,"minecraft:climb_one_cm":2924,"minecraft:sprint_one_cm":200804,"minecraft:walk_one_cm":204585,"minecraft:damage_blocked_by_shield":145,"minecraft:drop":75,"minecraft:damage_dealt_absorbed":73,"minecraft:play_time":81167,"minecraft:deaths":2,"minecraft:sneak_time":7696,"minecraft:walk_under_water_one_cm":1786,"tombstone:tomb_raiding":1,"minecraft:jump":1591,"minecraft:walk_on_water_one_cm":6697,"minecraft:total_world_time":81167,"minecraft:interact_with_furnace":53,"tombstone:raider_killed":22,"minecraft:interact_with_loom":1,"minecraft:sleep_in_bed":1,"minecraft:time_since_rest":1354,"minecraft:damage_taken":2451,"minecraft:damage_dealt":12577,"minecraft:player_kills":1,"minecraft:swim_one_cm":14208,"minecraft:fly_one_cm":297027,"minecraft:open_chest":10,"minecraft:crouch_one_cm":22295,"tombstone:undead_killed":15,"minecraft:fall_one_cm":43078},"minecraft:dropped":{"minecraft:enchanted_book":1,"minecraft:bread":54,"minecraft:iron_sword":1,"iceandfire:raw_silver":1,"minecraft:wheat_seeds":5,"minecraft:diamond":3,"ecologics:coconut_slice":1,"minecraft:iron_helmet":1,"minecraft:feather":5,"minecraft:cobblestone":19,"minecraft:granite":2,"minecraft:cracked_stone_bricks":12,"artifacts:flippers":1,"minecraft:coal":66,"minecraft:emerald":18,"minecraft:dirt":16,"illagerinvasion:platinum_chunk":4,"born_in_chaos_v1:black_argillite":1,"minecraft:diorite":3,"minecraft:wooden_axe":1,"tombstone:grave_dust":1,"minecraft:iron_leggings":1,"minecraft:chainmail_leggings":1,"quark:ancient_tome":1,"minecraft:bone":12,"minecraft:cobbled_deepslate":6,"alexsmobs:animal_dictionary":2,"minecraft:raw_copper":7,"alexscaves:cave_tablet":1,"minecraft:tuff":3,"minecraft:wheat":1,"born_in_chaos_v1:ethereal_spirit":1,"minecraft:raw_iron":32,"minecraft:chicken":1,"minecraft:rotten_flesh":9,"minecraft:oak_planks":17,"minecraft:iron_boots":1,"minecraft:chiseled_stone_bricks":2,"supplementaries:flax_seeds":2,"supplementaries:ash":1,"minecraft:bundle":1,"minecraft:iron_chestplate":1,"minecraft:andesite":9,"born_in_chaos_v1:corpse_maggot":2,"minecraft:mossy_stone_bricks":1,"ecologics:coconut_husk":1,"minecraft:spider_eye":1,"minecraft:stone_bricks":28,"minecraft:wooden_pickaxe":2,"minecraft:stone_pickaxe":2,"born_in_chaos_v1:marigolds":1},"minecraft:crafted":{"minecraft:oak_planks":52,"minecraft:raw_iron":18,"minecraft:furnace":2,"minecraft:iron_boots":2,"luminousworld:cooked_squirrel":1,"minecraft:stone_pickaxe":2,"minecraft:dark_oak_planks":24,"minecraft:wheat":45,"iceandfire:silver_ingot":5,"minecraft:diamond_axe":1,"minecraft:crafting_table":2,"minecraft:iron_helmet":1,"minecraft:wooden_pickaxe":2,"minecraft:iron_sword":1,"minecraft:bucket":1,"minecraft:stone_axe":2,"minecraft:bread":45,"minecraft:air":0,"iceandfire:armor_silver_metal_helmet":1,"minecraft:iron_chestplate":1,"minecraft:shield":1,"minecraft:stick":20,"minecraft:iron_pickaxe":1,"minecraft:iron_ingot":65,"minecraft:wooden_axe":1,"minecraft:gold_ingot":8,"minecraft:iron_leggings":2,"minecraft:torch":4},"minecraft:mined":{"minecraft:tuff":3,"iceandfire:silver_ore":5,"minecraft:mossy_cobblestone":3,"minecraft:deepslate_diamond_ore":4,"born_in_chaos_v1:infected_diamond_ore":1,"minecraft:granite":6,"minecraft:grass_block":7,"born_in_chaos_v1:black_argillite":1,"minecraft:redstone_wire":1,"luminousworld:grassvariant_2":3,"minecraft:chiseled_stone_bricks":1,"minecraft:hay_block":4,"minecraft:raw_iron_block":2,"minecraft:furnace":6,"minecraft:iron_ore":36,"minecraft:andesite":11,"minecraft:bookshelf":1,"minecraft:deepslate_iron_ore":11,"minecraft:stone":95,"minecraft:green_bed":1,"born_in_chaos_v1:marigolds":1,"supplementaries:book_pile":1,"minecraft:crafting_table":8,"minecraft:emerald_ore":13,"supplementaries:wild_flax":1,"minecraft:tall_grass":4,"minecraft:cobblestone":15,"minecraft:oak_planks":4,"minecraft:sugar_cane":3,"minecraft:diorite":4,"supplementaries:urn":17,"minecraft:purple_bed":2,"minecraft:black_bed":1,"minecraft:tnt":3,"minecraft:grass":13,"minecraft:coal_ore":42,"minecraft:oak_log":13,"minecraft:dirt":6,"luminousworld:grassvariant_3":7,"minecraft:cobweb":2,"minecraft:cracked_stone_bricks":1,"minecraft:stone_bricks":16,"minecraft:gold_ore":16,"minecraft:deepslate":17}},"DataVersion":3465}