{"stats":{"minecraft:killed_by":{"minecraft:player":1,"minecraft:vindicator":1,"born_in_chaos_v1:scarlet_persecutor":1},"minecraft:killed":{"minecraft:cave_spider":2,"minecraft:witch":1,"born_in_chaos_v1:restless_spirit":1,"undead_revamp2:thegliter":1,"born_in_chaos_v1:pumpkin_spirit":1,"enemyexpansion:intruder":1,"minecraft:spider":2,"minecraft:vindicator":5,"enemyexpansion:equestrian":1,"alexsmobs:murmur":1,"quark:toretoise":2,"born_in_chaos_v1:scarlet_persecutor":2,"born_in_chaos_v1:maggot":3,"minecraft:skeleton":2,"minecraft:chicken":1,"born_in_chaos_v1:skeleton_thrasher":1,"luminousworld:monarch":1,"enemyexpansion:vampflyer":3,"born_in_chaos_v1:barrel_zombie":1,"born_in_chaos_v1:fallen_chaos_knight":1,"earthmobsmod:bouldering_zombie":2,"minecraft:pig":1,"born_in_chaos_v1:diamond_termite":1,"enemyexpansion:sprinter":1,"minecraft:pillager":17,"minecraft:zombie":15,"born_in_chaos_v1:dread_hound":3,"enemyexpansion:vampire":1,"luminousworld:brown_squirrel":1,"born_in_chaos_v1:corpse_fly":1,"enemyexpansion:huntsman":1,"naturalist:lizard":1,"born_in_chaos_v1:door_knight":1,"born_in_chaos_v1:siamese_skeletonsleft":1},"minecraft:picked_up":{"minecraft:iron_chestplate":1,"born_in_chaos_v1:diamond_termite_shard":2,"luminousworld:groundpebbles_1":2,"minecraft:crafting_table":8,"illagerinvasion:platinum_chunk":8,"minecraft:chicken":1,"born_in_chaos_v1:seedof_chaos":1,"supplementaries:bomb_blue":1,"minecraft:enchanted_book":1,"born_in_chaos_v1:black_argillite":1,"minecraft:string":2,"minecraft:raw_copper":7,"minecraft:zombie_head":1,"minecraft:cracked_stone_bricks":12,"minecraft:gold_nugget":28,"minecraft:cobbled_deepslate":34,"minecraft:calcite":2,"minecraft:iron_nugget":21,"minecraft:iron_pickaxe":1,"minecraft:sugar_cane":8,"minecraft:furnace":6,"minecraft:raw_iron":112,"minecraft:stick":3,"ecologics:coconut_slice":2,"minecraft:torch":1,"minecraft:green_bed":1,"minecraft:porkchop":1,"luminousworld:raw_squirrel":1,"tombstone:grave_dust":11,"minecraft:diorite":4,"born_in_chaos_v1:pieceofdarkmetal":3,"minecraft:redstone":2,"quark:ancient_tome":3,"minecraft:tnt":3,"minecraft:arrow":2,"minecraft:rotten_flesh":22,"minecraft:hay_block":5,"supplementaries:ash":10,"minecraft:glow_berries":1,"minecraft:bone_block":12,"minecraft:rail":1,"minecraft:cobblestone":123,"born_in_chaos_v1:corpse_maggot":4,"born_in_chaos_v1:monster_flesh":1,"minecraft:andesite":11,"minecraft:black_bed":1,"minecraft:tuff":4,"minecraft:oak_log":13,"minecraft:gunpowder":2,"supplementaries:flax_seeds":2,"minecraft:lapis_lazuli":12,"artifacts:cloud_in_a_bottle":1,"minecraft:dirt":41,"artifacts:flippers":1,"born_in_chaos_v1:monster_skin":3,"born_in_chaos_v1:marigolds":1,"minecraft:bone":38,"minecraft:stone_bricks":29,"minecraft:wheat_seeds":5,"minecraft:raw_gold":27,"minecraft:iron_ingot":2,"minecraft:cobweb":9,"minecraft:mossy_stone_bricks":1,"alexsmobs:blobfish":6,"minecraft:iron_sword":1,"minecraft:oak_planks":38,"minecraft:book":3,"minecraft:chiseled_stone_bricks":2,"born_in_chaos_v1:ethereal_spirit":5,"minecraft:raw_iron_block":2,"earthmobsmod:harder_flesh":2,"minecraft:iron_hoe":2,"minecraft:spider_eye":2,"alexsmobs:animal_dictionary":1,"minecraft:mossy_cobblestone":3,"minecraft:bundle":2,"minecraft:purple_bed":2,"minecraft:slime_ball":3,"minecraft:diamond":8,"minecraft:lever":1,"minecraft:chainmail_leggings":2,"minecraft:granite":6,"minecraft:emerald":49,"minecraft:bread":138,"tombstone:magic_scroll":1,"minecraft:coal":111,"iceandfire:raw_silver":6},"minecraft:broken":{"iceandfire:armor_silver_metal_helmet":1},"minecraft:used":{"quark:ancient_tome":1,"minecraft:shield":16,"minecraft:iron_sword":125,"minecraft:torch":11,"minecraft:dirt":25,"minecraft:tuff":1,"iceandfire:armor_silver_metal_helmet":1,"minecraft:granite":4,"minecraft:dark_oak_planks":6,"minecraft:wooden_axe":3,"minecraft:lava_bucket":2,"minecraft:iron_axe":1,"minecraft:iron_boots":1,"minecraft:stone_bricks":1,"supplementaries:bomb_blue":1,"luminousworld:cooked_squirrel":1,"minecraft:furnace":8,"tombstone:gift":4,"minecraft:cobbled_deepslate":9,"minecraft:iron_leggings":1,"minecraft:water_bucket":16,"minecraft:diorite":1,"minecraft:bundle":4,"minecraft:stone_pickaxe":186,"minecraft:wooden_pickaxe":9,"minecraft:diamond_axe":217,"luminousworld:groundpebbles_1":2,"minecraft:green_bed":1,"minecraft:rail":1,"minecraft:crafting_table":10,"minecraft:black_bed":1,"born_in_chaos_v1:monster_flesh":1,"minecraft:bread":50,"minecraft:iron_pickaxe":129,"ecologics:coconut_slice":1,"minecraft:stone_axe":20,"minecraft:cobblestone":64,"minecraft:purple_bed":2,"minecraft:andesite":2,"minecraft:bucket":19,"alexsmobs:animal_dictionary":2},"minecraft:custom":{"minecraft:interact_with_smithing_table":2,"minecraft:mob_kills":81,"minecraft:interact_with_crafting_table":32,"minecraft:open_barrel":18,"minecraft:leave_game":6,"minecraft:time_since_death":0,"minecraft:climb_one_cm":2924,"minecraft:sprint_one_cm":228545,"minecraft:walk_one_cm":240752,"minecraft:damage_blocked_by_shield":815,"minecraft:drop":109,"minecraft:damage_dealt_absorbed":73,"minecraft:play_time":95672,"minecraft:deaths":3,"minecraft:sneak_time":7756,"minecraft:walk_under_water_one_cm":2259,"tombstone:tomb_raiding":1,"minecraft:jump":2005,"minecraft:walk_on_water_one_cm":26813,"minecraft:total_world_time":95672,"minecraft:interact_with_furnace":53,"tombstone:raider_killed":23,"minecraft:interact_with_loom":1,"minecraft:sleep_in_bed":1,"minecraft:time_since_rest":362,"minecraft:damage_taken":4546,"minecraft:damage_dealt":19531,"minecraft:player_kills":1,"minecraft:swim_one_cm":14725,"minecraft:fly_one_cm":402852,"minecraft:open_chest":10,"minecraft:crouch_one_cm":22489,"tombstone:undead_killed":33,"minecraft:fall_one_cm":69426},"minecraft:dropped":{"minecraft:enchanted_book":1,"minecraft:bread":99,"minecraft:iron_sword":1,"iceandfire:raw_silver":1,"minecraft:porkchop":1,"minecraft:wheat_seeds":5,"minecraft:lapis_lazuli":12,"minecraft:diamond":3,"ecologics:coconut_slice":1,"minecraft:glow_berries":1,"minecraft:iron_helmet":1,"minecraft:feather":5,"minecraft:cobblestone":19,"minecraft:granite":2,"minecraft:cracked_stone_bricks":12,"artifacts:flippers":1,"minecraft:coal":66,"minecraft:emerald":18,"minecraft:cobweb":9,"minecraft:dirt":16,"illagerinvasion:platinum_chunk":4,"born_in_chaos_v1:black_argillite":1,"minecraft:diorite":3,"minecraft:torch":9,"born_in_chaos_v1:monster_skin":1,"minecraft:wooden_axe":1,"minecraft:zombie_head":1,"tombstone:grave_dust":1,"minecraft:iron_leggings":1,"minecraft:gold_nugget":28,"minecraft:chainmail_leggings":2,"minecraft:string":13,"quark:ancient_tome":1,"minecraft:bone":13,"minecraft:cobbled_deepslate":6,"alexsmobs:animal_dictionary":2,"minecraft:raw_copper":7,"alexscaves:cave_tablet":1,"minecraft:tuff":3,"minecraft:wheat":1,"born_in_chaos_v1:ethereal_spirit":2,"minecraft:raw_iron":32,"minecraft:chicken":1,"alexsmobs:blobfish":6,"minecraft:rotten_flesh":21,"minecraft:oak_planks":36,"minecraft:iron_boots":1,"minecraft:iron_hoe":1,"earthmobsmod:harder_flesh":2,"minecraft:chiseled_stone_bricks":2,"supplementaries:flax_seeds":2,"supplementaries:ash":1,"minecraft:gunpowder":2,"minecraft:bundle":2,"minecraft:iron_chestplate":1,"minecraft:andesite":9,"born_in_chaos_v1:corpse_maggot":4,"minecraft:mossy_stone_bricks":1,"ecologics:coconut_husk":1,"minecraft:spider_eye":2,"minecraft:stone_bricks":28,"minecraft:slime_ball":3,"minecraft:arrow":2,"minecraft:raw_gold":7,"minecraft:wooden_pickaxe":2,"minecraft:stone_pickaxe":2,"minecraft:calcite":2,"born_in_chaos_v1:marigolds":1},"minecraft:crafted":{"minecraft:oak_planks":52,"minecraft:raw_iron":18,"minecraft:furnace":2,"minecraft:iron_boots":2,"luminousworld:cooked_squirrel":1,"minecraft:stone_pickaxe":2,"minecraft:dark_oak_planks":24,"minecraft:wheat":45,"iceandfire:silver_ingot":5,"minecraft:diamond_axe":1,"minecraft:crafting_table":2,"minecraft:iron_helmet":1,"minecraft:wooden_pickaxe":2,"minecraft:iron_sword":1,"minecraft:bucket":1,"minecraft:stone_axe":2,"minecraft:bread":45,"minecraft:air":0,"iceandfire:armor_silver_metal_helmet":1,"minecraft:iron_chestplate":1,"minecraft:shield":1,"minecraft:stick":20,"minecraft:iron_pickaxe":1,"minecraft:iron_ingot":65,"minecraft:wooden_axe":1,"minecraft:gold_ingot":8,"minecraft:iron_leggings":2,"minecraft:torch":4},"minecraft:mined":{"minecraft:tuff":3,"iceandfire:silver_ore":5,"minecraft:mossy_cobblestone":3,"minecraft:deepslate_diamond_ore":6,"born_in_chaos_v1:infected_diamond_ore":1,"minecraft:granite":6,"minecraft:grass_block":7,"born_in_chaos_v1:black_argillite":1,"minecraft:redstone_wire":1,"luminousworld:grassvariant_2":3,"minecraft:chiseled_stone_bricks":1,"minecraft:hay_block":4,"minecraft:raw_iron_block":2,"minecraft:furnace":6,"minecraft:iron_ore":36,"minecraft:andesite":11,"minecraft:bookshelf":1,"minecraft:deepslate_iron_ore":11,"minecraft:stone":95,"minecraft:green_bed":1,"born_in_chaos_v1:marigolds":1,"supplementaries:book_pile":1,"minecraft:crafting_table":8,"minecraft:emerald_ore":13,"supplementaries:wild_flax":1,"minecraft:tall_grass":4,"minecraft:cobblestone":15,"minecraft:oak_planks":4,"minecraft:sugar_cane":3,"minecraft:diorite":4,"supplementaries:urn":23,"minecraft:purple_bed":2,"minecraft:black_bed":1,"minecraft:tnt":3,"minecraft:grass":13,"minecraft:coal_ore":42,"minecraft:oak_log":13,"minecraft:dirt":6,"luminousworld:grassvariant_3":7,"minecraft:cobweb":2,"minecraft:cracked_stone_bricks":1,"minecraft:stone_bricks":16,"minecraft:gold_ore":16,"minecraft:deepslate":17}},"DataVersion":3465}