{"stats":{"minecraft:dropped":{"tombstone:grave_dust":1,"minecraft:dirt":1,"alexsmobs:animal_dictionary":2,"born_in_chaos_v1:corpse_maggot":2},"minecraft:killed_by":{"minecraft:player":1},"minecraft:mined":{"minecraft:grass":1,"minecraft:grass_block":1},"minecraft:custom":{"minecraft:time_since_rest":2737,"minecraft:play_time":7034,"minecraft:crouch_one_cm":951,"minecraft:sprint_one_cm":7106,"minecraft:deaths":1,"minecraft:damage_taken":268,"minecraft:walk_one_cm":19589,"minecraft:sneak_time":239,"minecraft:mob_kills":1,"minecraft:drop":6,"tombstone:tomb_raiding":1,"minecraft:jump":97,"minecraft:damage_dealt":196,"minecraft:leave_game":3,"minecraft:time_since_death":2923,"minecraft:total_world_time":7034,"minecraft:fall_one_cm":1819,"minecraft:fly_one_cm":17151,"minecraft:player_kills":1},"minecraft:picked_up":{"born_in_chaos_v1:corpse_maggot":2,"luminousworld:groundpebbles_1":2,"tombstone:grave_dust":1,"alexsmobs:animal_dictionary":1,"minecraft:dirt":2},"minecraft:killed":{"born_in_chaos_v1:corpse_fly":1},"minecraft:used":{"alexsmobs:animal_dictionary":2,"luminousworld:groundpebbles_1":2}},"DataVersion":3465}