{"stats":{"minecraft:killed_by":{"minecraft:player":1},"minecraft:killed":{"minecraft:vindicator":1,"luminousworld:brown_squirrel":1,"born_in_chaos_v1:corpse_fly":1,"luminousworld:monarch":1,"naturalist:lizard":1},"minecraft:picked_up":{"luminousworld:groundpebbles_1":2,"born_in_chaos_v1:corpse_maggot":2,"minecraft:crafting_table":6,"minecraft:andesite":6,"minecraft:oak_log":13,"minecraft:dirt":6,"minecraft:bone":3,"minecraft:stone_bricks":15,"minecraft:wheat_seeds":1,"minecraft:sugar_cane":8,"minecraft:furnace":2,"minecraft:raw_iron":3,"minecraft:chiseled_stone_bricks":2,"minecraft:torch":1,"tombstone:grave_dust":1,"luminousworld:raw_squirrel":1,"minecraft:diorite":4,"minecraft:redstone":2,"minecraft:mossy_cobblestone":3,"alexsmobs:animal_dictionary":1,"minecraft:lever":1,"minecraft:coal":41,"iceandfire:raw_silver":6,"minecraft:cobblestone":89},"minecraft:used":{"minecraft:stone_pickaxe":162,"minecraft:wooden_pickaxe":9,"minecraft:iron_sword":4,"luminousworld:groundpebbles_1":2,"minecraft:torch":1,"minecraft:dirt":2,"minecraft:crafting_table":7,"minecraft:wooden_axe":3,"minecraft:stone_bricks":1,"minecraft:stone_axe":9,"luminousworld:cooked_squirrel":1,"minecraft:cobblestone":8,"minecraft:furnace":4,"tombstone:gift":1,"alexsmobs:animal_dictionary":2},"minecraft:custom":{"minecraft:interact_with_furnace":14,"minecraft:mob_kills":5,"tombstone:raider_killed":1,"minecraft:interact_with_crafting_table":16,"minecraft:leave_game":5,"minecraft:time_since_death":29056,"minecraft:time_since_rest":13885,"minecraft:sprint_one_cm":72589,"minecraft:damage_taken":308,"minecraft:walk_one_cm":76022,"minecraft:drop":12,"minecraft:damage_dealt":586,"minecraft:swim_one_cm":13486,"minecraft:fly_one_cm":100897,"minecraft:player_kills":1,"minecraft:crouch_one_cm":15141,"minecraft:play_time":33167,"minecraft:deaths":1,"minecraft:sneak_time":5138,"minecraft:walk_under_water_one_cm":1193,"tombstone:tomb_raiding":1,"minecraft:jump":526,"minecraft:walk_on_water_one_cm":4413,"minecraft:total_world_time":33167,"minecraft:fall_one_cm":7760},"minecraft:dropped":{"iceandfire:raw_silver":1,"minecraft:wheat_seeds":1,"alexsmobs:animal_dictionary":2,"minecraft:chiseled_stone_bricks":2,"minecraft:dirt":3,"born_in_chaos_v1:corpse_maggot":2,"tombstone:grave_dust":1},"minecraft:crafted":{"minecraft:oak_planks":52,"iceandfire:silver_ingot":5,"minecraft:crafting_table":2,"minecraft:wooden_pickaxe":2,"minecraft:iron_sword":1,"minecraft:furnace":2,"minecraft:stone_axe":2,"minecraft:air":0,"minecraft:shield":1,"minecraft:stick":20,"luminousworld:cooked_squirrel":1,"minecraft:iron_ingot":3,"minecraft:stone_pickaxe":2,"minecraft:wooden_axe":1,"minecraft:torch":4},"minecraft:mined":{"iceandfire:silver_ore":5,"minecraft:mossy_cobblestone":3,"minecraft:crafting_table":6,"minecraft:grass_block":3,"minecraft:redstone_wire":1,"luminousworld:grassvariant_2":2,"minecraft:cobblestone":4,"minecraft:sugar_cane":3,"minecraft:diorite":4,"minecraft:chiseled_stone_bricks":1,"minecraft:furnace":2,"minecraft:iron_ore":3,"minecraft:andesite":6,"minecraft:grass":6,"minecraft:oak_log":13,"minecraft:coal_ore":41,"luminousworld:grassvariant_3":5,"minecraft:stone":86,"minecraft:stone_bricks":15}},"DataVersion":3465}