{"stats":{"minecraft:killed_by":{"minecraft:vindicator":1,"born_in_chaos_v1:scarlet_persecutor":1,"minecraft:player":1},"minecraft:killed":{"minecraft:cave_spider":2,"minecraft:witch":1,"born_in_chaos_v1:restless_spirit":1,"born_in_chaos_v1:pumpkin_spirit":1,"enemyexpansion:equestrian":1,"minecraft:spider":3,"alexsmobs:murmur":1,"quark:forgotten":1,"born_in_chaos_v1:scarlet_persecutor":3,"minecraft:skeleton":5,"minecraft:chicken":1,"born_in_chaos_v1:skeleton_thrasher":2,"undead_revamp2:thepregnant":1,"enemyexpansion:vampflyer":3,"minecraft:pig":1,"born_in_chaos_v1:diamond_termite":5,"minecraft:sheep":4,"minecraft:pillager":17,"minecraft:zombie":22,"born_in_chaos_v1:dread_hound":3,"enemyexpansion:vampire":2,"luminousworld:brown_squirrel":1,"born_in_chaos_v1:corpse_fly":1,"born_in_chaos_v1:door_knight":1,"born_in_chaos_v1:siamese_skeletonsleft":1,"enemyexpansion:trollenraged":1,"undead_revamp2:thegliter":2,"enemyexpansion:intruder":1,"minecraft:vindicator":5,"quark:toretoise":2,"born_in_chaos_v1:thornshell_crab":1,"enemyexpansion:direwolf":5,"born_in_chaos_v1:maggot":7,"enemyexpansion:faller":1,"luminousworld:monarch":1,"alexsmobs:flying_fish":1,"born_in_chaos_v1:barrel_zombie":2,"born_in_chaos_v1:fallen_chaos_knight":1,"mowziesmobs:grottol":1,"earthmobsmod:bouldering_zombie":2,"enemyexpansion:sprinter":3,"born_in_chaos_v1:decrepit_skeleton":3,"born_in_chaos_v1:bloody_gadfly":1,"undead_revamp2:thesomnolence":6,"iceandfire:ghost":4,"enemyexpansion:huntsman":2,"naturalist:lizard":1},"minecraft:picked_up":{"minecraft:iron_chestplate":2,"illagerinvasion:platinum_chunk":8,"minecraft:chainmail_boots":1,"supplementaries:bomb_blue":1,"minecraft:oak_stairs":109,"minecraft:enchanted_book":3,"born_in_chaos_v1:black_argillite":1,"minecraft:string":6,"minecraft:dark_oak_trapdoor":1,"minecraft:raw_copper":7,"minecraft:iron_leggings":1,"minecraft:experience_bottle":1,"minecraft:zombie_head":1,"minecraft:cobbled_deepslate":38,"minecraft:gold_nugget":36,"minecraft:rose_bush":21,"minecraft:calcite":2,"minecraft:iron_pickaxe":1,"minecraft:furnace":8,"minecraft:iron_boots":1,"minecraft:stick":7,"born_in_chaos_v1:shattered_skull":1,"minecraft:composter":2,"minecraft:oak_fence":16,"minecraft:green_bed":1,"born_in_chaos_v1:phantom_powder":2,"minecraft:torch":8,"luminousworld:viper_plaque":2,"minecraft:porkchop":1,"tombstone:grave_dust":15,"minecraft:diorite":4,"quark:ancient_tome":3,"luminousworld:grassflowers":3,"minecraft:rotten_flesh":38,"supplementaries:ash":10,"alexsmobs:flying_fish":1,"minecraft:cobblestone":123,"minecraft:andesite":11,"minecraft:black_bed":1,"minecraft:tuff":5,"supplementaries:flax_seeds":2,"minecraft:lapis_lazuli":12,"minecraft:dirt":255,"minecraft:lantern":6,"artifacts:flippers":2,"born_in_chaos_v1:monster_skin":3,"born_in_chaos_v1:marigolds":2,"minecraft:bone":48,"minecraft:wheat_seeds":14,"minecraft:raw_gold":30,"minecraft:mossy_stone_bricks":1,"alexsmobs:blobfish":7,"minecraft:oak_planks":109,"earthmobsmod:harder_flesh":2,"alexsmobs:animal_dictionary":1,"minecraft:mossy_cobblestone":3,"minecraft:bundle":2,"minecraft:iron_hoe":3,"minecraft:diamond":16,"minecraft:lever":1,"minecraft:granite":6,"minecraft:grass":1,"minecraft:bone_meal":10,"minecraft:emerald":55,"minecraft:bread":180,"minecraft:oak_sapling":29,"iceandfire:raw_silver":6,"minecraft:diamond_pickaxe":1,"luminousworld:groundpebbles_1":7,"minecraft:crafting_table":9,"born_in_chaos_v1:diamond_termite_shard":5,"minecraft:chicken":1,"born_in_chaos_v1:seedof_chaos":1,"minecraft:stone_brick_wall":15,"aether:leather_gloves":1,"minecraft:item_frame":1,"minecraft:cracked_stone_bricks":12,"minecraft:iron_nugget":21,"minecraft:poppy":2,"minecraft:lectern":4,"minecraft:sugar_cane":17,"minecraft:egg":1,"minecraft:raw_iron":112,"minecraft:oak_door":1,"ecologics:coconut_slice":2,"minecraft:stone_button":7,"luminousworld:raw_squirrel":1,"born_in_chaos_v1:pieceofdarkmetal":4,"minecraft:redstone":2,"minecraft:dark_oak_planks":5,"minecraft:tnt":3,"minecraft:arrow":14,"minecraft:hay_block":5,"born_in_chaos_v1:spiny_shell":4,"tombstone:essence_of_undeath":1,"minecraft:gold_ingot":25,"minecraft:glow_berries":2,"minecraft:bone_block":12,"minecraft:rail":1,"minecraft:white_wool":5,"born_in_chaos_v1:corpse_maggot":4,"minecraft:golden_carrot":7,"born_in_chaos_v1:monster_flesh":1,"minecraft:leather":10,"minecraft:oak_log":104,"minecraft:gunpowder":3,"artifacts:cloud_in_a_bottle":1,"tombstone:gift":1,"quark:forgotten_hat":1,"minecraft:stone_bricks":56,"minecraft:iron_ingot":3,"minecraft:cobweb":9,"minecraft:tall_grass":1,"minecraft:acacia_sapling":1,"minecraft:iron_sword":1,"minecraft:book":6,"minecraft:oak_slab":13,"iceandfire:copper_nugget":10,"minecraft:chiseled_stone_bricks":2,"born_in_chaos_v1:ethereal_spirit":5,"minecraft:dandelion":2,"minecraft:raw_iron_block":2,"luminousworld:sunset_petunias":3,"minecraft:white_bed":2,"minecraft:dark_oak_fence_gate":2,"quark:oak_chest":2,"minecraft:spider_eye":2,"minecraft:purple_bed":2,"minecraft:slime_ball":11,"minecraft:chainmail_leggings":3,"tombstone:magic_scroll":1,"minecraft:coal":133},"minecraft:broken":{"quark:forgotten_hat":1,"iceandfire:armor_silver_metal_helmet":1},"minecraft:custom":{"minecraft:animals_bred":6,"minecraft:interact_with_crafting_table":54,"minecraft:open_barrel":23,"minecraft:leave_game":8,"minecraft:time_since_death":76493,"minecraft:sprint_one_cm":427516,"minecraft:damage_blocked_by_shield":895,"minecraft:drop":188,"minecraft:talked_to_villager":14,"minecraft:play_time":182371,"minecraft:deaths":4,"tombstone:tomb_raiding":1,"minecraft:jump":4063,"minecraft:walk_on_water_one_cm":59085,"minecraft:interact_with_furnace":66,"minecraft:interact_with_loom":1,"minecraft:sleep_in_bed":1,"minecraft:damage_dealt":32187,"minecraft:player_kills":1,"minecraft:crouch_one_cm":54086,"tombstone:undead_killed":59,"minecraft:interact_with_smithing_table":2,"minecraft:mob_kills":141,"minecraft:damage_dealt_resisted":123,"minecraft:climb_one_cm":16482,"minecraft:walk_one_cm":481308,"minecraft:damage_dealt_absorbed":73,"minecraft:sneak_time":14260,"minecraft:walk_under_water_one_cm":7513,"minecraft:total_world_time":182371,"tombstone:raider_killed":23,"minecraft:time_since_rest":75261,"minecraft:damage_taken":9105,"minecraft:trigger_trapped_chest":4,"tombstone:cast_on_ally":1,"minecraft:swim_one_cm":18237,"minecraft:fly_one_cm":1269750,"minecraft:open_chest":51,"minecraft:fall_one_cm":294511},"minecraft:used":{"quark:ancient_tome":1,"minecraft:iron_shovel":213,"minecraft:shield":17,"minecraft:iron_sword":125,"minecraft:iron_chestplate":1,"minecraft:tuff":1,"minecraft:lava_bucket":2,"minecraft:stone_bricks":1,"supplementaries:bomb_blue":1,"luminousworld:cooked_squirrel":1,"minecraft:oak_sapling":9,"minecraft:furnace":10,"minecraft:egg":1,"born_in_chaos_v1:nightmare_mantleofthe_night_boots":2,"minecraft:diorite":1,"minecraft:stone_pickaxe":186,"minecraft:oak_planks":284,"minecraft:wooden_pickaxe":9,"minecraft:sugar_cane":9,"luminousworld:groundpebbles_1":2,"minecraft:diamond_axe":812,"minecraft:white_wool":1,"luminousworld:viper_plaque":1,"minecraft:black_bed":1,"born_in_chaos_v1:monster_flesh":1,"minecraft:bread":101,"minecraft:lectern":5,"ecologics:coconut_slice":1,"minecraft:andesite":2,"minecraft:bone_meal":35,"minecraft:experience_bottle":1,"tombstone:scroll_of_frost_resistance":1,"minecraft:torch":11,"minecraft:dirt":239,"iceandfire:armor_silver_metal_helmet":1,"minecraft:granite":4,"minecraft:dark_oak_planks":24,"minecraft:wooden_axe":3,"minecraft:iron_axe":1,"minecraft:iron_boots":4,"minecraft:golden_carrot":2,"minecraft:goat_horn":1,"tombstone:gift":10,"minecraft:cobbled_deepslate":20,"minecraft:iron_leggings":2,"minecraft:water_bucket":28,"minecraft:bundle":4,"quark:forgotten_hat":1,"minecraft:green_bed":1,"minecraft:rail":1,"minecraft:crafting_table":15,"minecraft:diamond_pickaxe":44,"minecraft:iron_pickaxe":156,"minecraft:stone_axe":20,"minecraft:cobblestone":64,"minecraft:purple_bed":2,"minecraft:bucket":31,"quark:oak_chest":2,"alexsmobs:animal_dictionary":2},"minecraft:dropped":{"minecraft:iron_sword":1,"iceandfire:raw_silver":1,"minecraft:porkchop":1,"minecraft:lapis_lazuli":12,"minecraft:oak_log":1,"minecraft:diamond":3,"ecologics:coconut_slice":1,"minecraft:glow_berries":2,"minecraft:lantern":1,"minecraft:leather":10,"minecraft:cracked_stone_bricks":12,"artifacts:flippers":1,"minecraft:item_frame":1,"minecraft:emerald":18,"minecraft:dirt":16,"born_in_chaos_v1:phantom_powder":2,"born_in_chaos_v1:monster_skin":1,"alexsmobs:flying_fish":1,"minecraft:gold_nugget":30,"minecraft:bone_meal":9,"minecraft:iron_pickaxe":1,"minecraft:dark_oak_planks":5,"minecraft:bone":13,"minecraft:gold_ingot":30,"quark:ancient_tome":1,"minecraft:sugar_cane":8,"alexsmobs:animal_dictionary":2,"minecraft:cobbled_deepslate":18,"alexscaves:cave_tablet":1,"minecraft:wheat":1,"born_in_chaos_v1:ethereal_spirit":2,"minecraft:rotten_flesh":38,"aether:leather_gloves":1,"minecraft:oak_planks":47,"minecraft:chiseled_stone_bricks":2,"minecraft:poppy":2,"supplementaries:flax_seeds":2,"supplementaries:ash":2,"luminousworld:grassflowers":3,"minecraft:gunpowder":3,"minecraft:stone_brick_wall":9,"born_in_chaos_v1:corpse_maggot":4,"ecologics:coconut_husk":1,"born_in_chaos_v1:diamond_termite_shard":5,"minecraft:chainmail_boots":1,"minecraft:arrow":14,"born_in_chaos_v1:marigolds":2,"iceandfire:manuscript":5,"minecraft:bread":99,"minecraft:iron_ingot":24,"minecraft:enchanted_book":2,"minecraft:oak_slab":4,"luminousworld:sunset_petunias":3,"minecraft:wheat_seeds":8,"luminousworld:viper_plaque":1,"minecraft:feather":5,"minecraft:iron_helmet":1,"minecraft:cobblestone":19,"minecraft:granite":2,"minecraft:coal":66,"minecraft:cobweb":9,"illagerinvasion:platinum_chunk":4,"born_in_chaos_v1:black_argillite":1,"minecraft:diorite":3,"minecraft:golden_carrot":3,"iceandfire:copper_nugget":10,"minecraft:torch":16,"minecraft:wooden_axe":1,"minecraft:rose_bush":21,"minecraft:zombie_head":1,"tombstone:grave_dust":1,"minecraft:iron_leggings":3,"minecraft:chainmail_leggings":3,"minecraft:string":17,"minecraft:dandelion":2,"minecraft:raw_copper":7,"minecraft:tuff":4,"minecraft:raw_iron":32,"alexsmobs:blobfish":7,"minecraft:chicken":1,"minecraft:iron_boots":5,"minecraft:iron_hoe":3,"earthmobsmod:harder_flesh":2,"minecraft:bundle":2,"minecraft:iron_chestplate":3,"luminousworld:groundpebbles_1":5,"minecraft:andesite":9,"minecraft:mossy_stone_bricks":1,"minecraft:oak_sapling":1,"minecraft:spider_eye":2,"minecraft:stone_bricks":28,"minecraft:slime_ball":6,"minecraft:stone_pickaxe":2,"minecraft:wooden_pickaxe":2,"minecraft:raw_gold":10,"minecraft:calcite":2},"minecraft:crafted":{"minecraft:oak_planks":328,"minecraft:bookshelf":1,"minecraft:iron_boots":3,"luminousworld:cooked_squirrel":1,"minecraft:oak_slab":6,"minecraft:diamond_axe":1,"minecraft:crafting_table":6,"minecraft:iron_helmet":1,"minecraft:wooden_pickaxe":2,"minecraft:lectern":1,"minecraft:iron_chestplate":2,"minecraft:shield":1,"quark:oak_chest":2,"minecraft:stick":24,"minecraft:iron_pickaxe":1,"minecraft:iron_ingot":121,"minecraft:gold_ingot":20,"minecraft:raw_iron":18,"born_in_chaos_v1:nightmare_mantleofthe_night_boots":1,"minecraft:furnace":2,"minecraft:bone_meal":249,"minecraft:stone_pickaxe":2,"minecraft:dark_oak_planks":24,"minecraft:wheat":45,"iceandfire:silver_ingot":5,"minecraft:iron_sword":1,"minecraft:bucket":1,"minecraft:stone_axe":2,"minecraft:bread":45,"minecraft:air":0,"iceandfire:armor_silver_metal_helmet":1,"minecraft:wooden_axe":1,"minecraft:iron_shovel":2,"minecraft:iron_leggings":3,"minecraft:torch":4},"minecraft:mined":{"minecraft:dark_oak_planks":5,"minecraft:white_bed":2,"minecraft:oak_sapling":2,"iceandfire:copper_pile":1,"minecraft:granite":6,"minecraft:stone_brick_wall":14,"minecraft:grass_block":102,"minecraft:composter":2,"minecraft:chiseled_stone_bricks":1,"minecraft:raw_iron_block":2,"minecraft:dark_oak_trapdoor":3,"minecraft:iron_ore":36,"iceandfire:gold_pile":1,"minecraft:dirt_path":22,"minecraft:oak_stairs":120,"minecraft:green_bed":1,"supplementaries:book_pile":1,"born_in_chaos_v1:infected_deepslate_diamond_ore":3,"minecraft:poppy":2,"supplementaries:wild_flax":1,"minecraft:cobblestone":15,"minecraft:sugar_cane":4,"minecraft:oak_planks":66,"minecraft:tnt":3,"minecraft:black_bed":1,"minecraft:grass":28,"minecraft:oak_log":108,"minecraft:dirt":104,"luminousworld:grassvariant_3":7,"minecraft:oak_leaves":79,"minecraft:deepslate":18,"minecraft:tuff":5,"iceandfire:silver_ore":5,"minecraft:mossy_cobblestone":3,"minecraft:deepslate_diamond_ore":16,"minecraft:oak_door":1,"born_in_chaos_v1:infected_diamond_ore":1,"born_in_chaos_v1:black_argillite":1,"minecraft:redstone_wire":1,"luminousworld:grassvariant_2":7,"luminousworld:groundpebbles_3":1,"minecraft:hay_block":4,"luminousworld:sunset_petunias":2,"minecraft:furnace":8,"minecraft:dark_oak_fence_gate":2,"minecraft:andesite":11,"minecraft:bookshelf":2,"minecraft:deepslate_iron_ore":11,"minecraft:vine":1,"minecraft:lantern":1,"minecraft:stone":95,"minecraft:white_wool":1,"minecraft:oak_slab":13,"minecraft:glass_pane":3,"born_in_chaos_v1:marigolds":2,"quark:oak_chest":2,"minecraft:oak_fence":17,"minecraft:crafting_table":9,"luminousworld:viper_plaque":1,"minecraft:emerald_ore":13,"minecraft:rose_bush":29,"minecraft:lectern":4,"minecraft:tall_grass":13,"minecraft:diorite":4,"supplementaries:urn":24,"minecraft:black_stained_glass":3,"minecraft:purple_bed":2,"minecraft:coal_ore":42,"minecraft:cobweb":2,"minecraft:cracked_stone_bricks":1,"minecraft:stone_bricks":45,"minecraft:mossy_stone_bricks":1,"minecraft:gold_ore":16}},"DataVersion":3465}