{"stats":{"minecraft:killed_by":{"minecraft:vindicator":1,"born_in_chaos_v1:scarlet_persecutor":1,"iceandfire:fire_dragon":3,"minecraft:player":1},"minecraft:dropped":{"minecraft:iron_sword":1,"iceandfire:raw_silver":1,"minecraft:porkchop":1,"minecraft:lapis_lazuli":12,"minecraft:oak_log":4,"minecraft:diamond":3,"minecraft:dark_oak_sapling":2,"ecologics:coconut_slice":1,"minecraft:glow_berries":2,"minecraft:lantern":1,"minecraft:leather":10,"minecraft:cracked_stone_bricks":12,"artifacts:flippers":1,"minecraft:flint":1,"minecraft:cobblestone_stairs":2,"minecraft:emerald":18,"minecraft:item_frame":2,"minecraft:dirt":19,"minecraft:grass":2,"born_in_chaos_v1:phantom_powder":2,"minecraft:stone_button":16,"born_in_chaos_v1:monster_skin":1,"minecraft:cornflower":3,"minecraft:dark_oak_trapdoor":15,"alexsmobs:flying_fish":1,"minecraft:gold_nugget":32,"minecraft:bone_meal":9,"minecraft:iron_pickaxe":1,"minecraft:dark_oak_planks":5,"quark:ancient_tome":1,"minecraft:gold_ingot":30,"minecraft:bone":13,"minecraft:gravel":2,"minecraft:sugar_cane":8,"alexsmobs:animal_dictionary":2,"minecraft:cobbled_deepslate":18,"alexscaves:cave_tablet":1,"minecraft:wheat":1,"undead_revamp2:arapholia":1,"born_in_chaos_v1:ethereal_spirit":2,"minecraft:rotten_flesh":80,"minecraft:oak_planks":47,"aether:leather_gloves":1,"minecraft:dark_oak_fence_gate":5,"minecraft:carrot":2,"minecraft:chiseled_stone_bricks":2,"minecraft:poppy":7,"supplementaries:flax_seeds":2,"supplementaries:ash":2,"luminousworld:grassflowers":3,"minecraft:gunpowder":3,"minecraft:stone_brick_wall":12,"born_in_chaos_v1:corpse_maggot":4,"ecologics:coconut_husk":1,"minecraft:chainmail_boots":1,"minecraft:acacia_sapling":2,"born_in_chaos_v1:diamond_termite_shard":5,"minecraft:arrow":14,"alexsmobs:banana":2,"undead_revamp2:rawbostrox":6,"born_in_chaos_v1:marigolds":4,"minecraft:netherrack":10,"iceandfire:manuscript":5,"minecraft:bread":171,"minecraft:iron_ingot":24,"minecraft:enchanted_book":2,"minecraft:oak_slab":4,"luminousworld:sunset_petunias":3,"minecraft:wheat_seeds":24,"luminousworld:viper_plaque":1,"minecraft:iron_helmet":2,"minecraft:feather":9,"minecraft:cobblestone":19,"minecraft:granite":2,"minecraft:coal":66,"minecraft:oxeye_daisy":1,"minecraft:cobweb":9,"illagerinvasion:platinum_chunk":4,"born_in_chaos_v1:black_argillite":1,"minecraft:diorite":3,"minecraft:golden_carrot":3,"iceandfire:copper_nugget":10,"minecraft:torch":16,"minecraft:wooden_axe":1,"minecraft:rose_bush":25,"born_in_chaos_v1:fused_bone":2,"minecraft:zombie_head":1,"tombstone:grave_dust":4,"minecraft:iron_leggings":3,"minecraft:pumpkin":1,"minecraft:chainmail_leggings":3,"minecraft:string":17,"minecraft:dandelion":3,"minecraft:raw_copper":7,"minecraft:tuff":4,"minecraft:raw_iron":32,"alexsmobs:blobfish":7,"minecraft:tall_grass":2,"minecraft:chicken":1,"minecraft:iron_boots":5,"minecraft:iron_hoe":3,"earthmobsmod:harder_flesh":2,"minecraft:oak_sign":2,"minecraft:bundle":2,"minecraft:iron_chestplate":3,"luminousworld:groundpebbles_1":10,"minecraft:andesite":9,"minecraft:mossy_stone_bricks":1,"minecraft:oak_sapling":20,"minecraft:spider_eye":2,"minecraft:stone_bricks":31,"minecraft:slime_ball":6,"minecraft:stone_pickaxe":2,"minecraft:wooden_pickaxe":2,"minecraft:raw_gold":10,"minecraft:nautilus_shell":2,"minecraft:calcite":2},"minecraft:custom":{"minecraft:animals_bred":6,"minecraft:interact_with_crafting_table":75,"minecraft:open_barrel":23,"minecraft:bell_ring":3,"minecraft:leave_game":15,"minecraft:time_since_death":25976,"minecraft:sprint_one_cm":794085,"minecraft:damage_blocked_by_shield":1175,"minecraft:drop":298,"minecraft:talked_to_villager":56,"minecraft:play_time":346588,"minecraft:deaths":7,"tombstone:tomb_raiding":1,"minecraft:jump":6121,"minecraft:walk_on_water_one_cm":72568,"minecraft:interact_with_furnace":80,"minecraft:traded_with_villager":33,"minecraft:interact_with_loom":1,"minecraft:sleep_in_bed":3,"minecraft:damage_dealt":38719,"minecraft:player_kills":1,"minecraft:crouch_one_cm":120880,"tombstone:undead_killed":71,"minecraft:interact_with_smithing_table":2,"minecraft:mob_kills":160,"minecraft:damage_dealt_resisted":897,"minecraft:climb_one_cm":17788,"minecraft:walk_one_cm":1025092,"minecraft:damage_dealt_absorbed":73,"minecraft:sneak_time":26544,"minecraft:walk_under_water_one_cm":10752,"minecraft:boat_one_cm":66223,"minecraft:total_world_time":346588,"tombstone:raider_killed":23,"minecraft:time_since_rest":25599,"minecraft:damage_taken":11725,"minecraft:trigger_trapped_chest":4,"tombstone:cast_on_ally":1,"minecraft:swim_one_cm":94128,"minecraft:fly_one_cm":2187332,"minecraft:open_chest":230,"minecraft:fall_one_cm":516716},"minecraft:crafted":{"minecraft:oak_planks":1364,"minecraft:bookshelf":2,"minecraft:iron_boots":3,"luminousworld:cooked_squirrel":1,"minecraft:oak_slab":12,"minecraft:emerald":29,"minecraft:diamond_axe":2,"minecraft:crafting_table":7,"minecraft:iron_helmet":2,"minecraft:wooden_pickaxe":2,"minecraft:baked_potato":29,"minecraft:fletching_table":1,"minecraft:lectern":1,"minecraft:iron_chestplate":2,"minecraft:shield":1,"quark:oak_chest":4,"minecraft:stick":652,"minecraft:iron_ingot":121,"minecraft:iron_pickaxe":1,"minecraft:gold_ingot":20,"minecraft:raw_iron":18,"born_in_chaos_v1:nightmare_mantleofthe_night_boots":1,"minecraft:furnace":2,"minecraft:bone_meal":255,"minecraft:iron_axe":1,"minecraft:iron_hoe":1,"minecraft:stone_pickaxe":2,"minecraft:dark_oak_planks":24,"minecraft:wheat":144,"iceandfire:silver_ingot":5,"minecraft:iron_sword":1,"minecraft:bucket":1,"minecraft:stone_axe":2,"minecraft:enchanted_book":3,"minecraft:bread":122,"minecraft:air":0,"minecraft:jungle_planks":204,"minecraft:oak_fence_gate":3,"minecraft:oak_boat":2,"iceandfire:armor_silver_metal_helmet":1,"minecraft:wooden_axe":1,"minecraft:iron_shovel":2,"minecraft:iron_leggings":3,"minecraft:torch":40},"minecraft:mined":{"undead_revamp2:arapholia":1,"minecraft:dark_oak_planks":5,"minecraft:white_bed":16,"minecraft:oak_sapling":10,"iceandfire:copper_pile":1,"minecraft:cobblestone_stairs":11,"minecraft:granite":6,"minecraft:stone_brick_wall":91,"minecraft:grass_block":371,"minecraft:jungle_log":4,"minecraft:coal_block":8,"minecraft:composter":11,"minecraft:oxeye_daisy":1,"minecraft:chiseled_stone_bricks":1,"minecraft:raw_iron_block":2,"minecraft:dark_oak_trapdoor":11,"minecraft:iron_ore":36,"minecraft:pumpkin":1,"minecraft:fletching_table":3,"iceandfire:gold_pile":1,"minecraft:dirt_path":24,"minecraft:oak_stairs":176,"minecraft:green_bed":1,"supplementaries:book_pile":1,"born_in_chaos_v1:infected_deepslate_diamond_ore":3,"minecraft:torch":5,"minecraft:poppy":4,"supplementaries:wild_flax":1,"minecraft:cobblestone":15,"minecraft:oak_planks":298,"minecraft:sugar_cane":19,"minecraft:wall_torch":1,"minecraft:skeleton_skull":1,"minecraft:wheat":69,"minecraft:stone_brick_stairs":1,"minecraft:tnt":3,"minecraft:black_bed":1,"minecraft:smooth_stone_slab":4,"minecraft:grass":69,"minecraft:oak_log":228,"minecraft:oak_fence_gate":1,"minecraft:dirt":127,"luminousworld:grassvariant_3":9,"minecraft:netherrack":7,"minecraft:oak_leaves":109,"minecraft:deepslate":18,"minecraft:tuff":5,"iceandfire:silver_ore":5,"minecraft:mossy_cobblestone":3,"minecraft:dark_oak_leaves":8,"minecraft:deepslate_diamond_ore":16,"minecraft:oak_door":1,"born_in_chaos_v1:infected_diamond_ore":1,"born_in_chaos_v1:black_argillite":1,"minecraft:redstone_wire":1,"luminousworld:grassvariant_2":9,"minecraft:potted_bamboo":1,"luminousworld:groundpebbles_3":1,"minecraft:hay_block":15,"luminousworld:sunset_petunias":2,"minecraft:oak_trapdoor":9,"minecraft:furnace":12,"minecraft:carrots":34,"minecraft:andesite":11,"minecraft:dark_oak_fence_gate":11,"treechop:chopped_log":58,"minecraft:bell":1,"minecraft:bookshelf":6,"minecraft:potatoes":9,"minecraft:deepslate_iron_ore":11,"minecraft:vine":1,"minecraft:lantern":2,"luminousworld:groundpebbles_2":2,"minecraft:stone":95,"minecraft:white_wool":1,"minecraft:oak_slab":32,"minecraft:acacia_leaves":1,"minecraft:glass_pane":11,"born_in_chaos_v1:marigolds":4,"quark:oak_chest":7,"minecraft:dandelion":3,"minecraft:oak_fence":58,"minecraft:crafting_table":13,"minecraft:cornflower":1,"minecraft:emerald_ore":13,"luminousworld:viper_plaque":1,"minecraft:rose_bush":31,"minecraft:lectern":6,"minecraft:tall_grass":28,"minecraft:diorite":4,"supplementaries:urn":24,"minecraft:black_stained_glass":3,"minecraft:purple_bed":2,"minecraft:coal_ore":42,"minecraft:gravel":9,"minecraft:cobweb":2,"minecraft:cracked_stone_bricks":1,"minecraft:stone_bricks":163,"minecraft:mossy_stone_bricks":1,"minecraft:gold_ore":16},"minecraft:broken":{"minecraft:iron_shovel":1,"quark:forgotten_hat":1,"iceandfire:armor_silver_metal_helmet":1,"minecraft:diamond_axe":1},"minecraft:picked_up":{"minecraft:iron_chestplate":2,"minecraft:wheat":60,"illagerinvasion:platinum_chunk":8,"minecraft:chainmail_boots":1,"supplementaries:bomb_blue":1,"minecraft:oak_stairs":171,"minecraft:enchanted_book":3,"born_in_chaos_v1:black_argillite":1,"minecraft:string":6,"minecraft:dark_oak_trapdoor":15,"minecraft:raw_copper":7,"minecraft:iron_leggings":1,"minecraft:experience_bottle":1,"minecraft:zombie_head":1,"minecraft:oak_sign":6,"alexsmobs:banana":3,"minecraft:gold_nugget":46,"minecraft:cobbled_deepslate":38,"minecraft:rose_bush":25,"minecraft:calcite":2,"minecraft:iron_pickaxe":1,"minecraft:coal_block":8,"minecraft:iron_boots":1,"minecraft:furnace":12,"minecraft:stick":52,"born_in_chaos_v1:shattered_skull":1,"minecraft:composter":11,"minecraft:oak_fence":58,"born_in_chaos_v1:phantom_powder":2,"minecraft:torch":20,"luminousworld:viper_plaque":2,"minecraft:green_bed":1,"minecraft:porkchop":7,"tombstone:grave_dust":19,"minecraft:diorite":4,"quark:ancient_tome":3,"luminousworld:grassflowers":3,"minecraft:rotten_flesh":80,"supplementaries:ash":10,"undead_revamp2:arapholia":1,"alexsmobs:flying_fish":1,"minecraft:cobblestone":143,"minecraft:nautilus_shell":2,"minecraft:feather":5,"minecraft:jungle_log":51,"minecraft:andesite":11,"minecraft:black_bed":1,"minecraft:potato":29,"minecraft:flint":4,"minecraft:tuff":5,"supplementaries:flax_seeds":2,"minecraft:lantern":8,"minecraft:lapis_lazuli":12,"minecraft:dirt":548,"artifacts:flippers":2,"born_in_chaos_v1:monster_skin":3,"born_in_chaos_v1:marigolds":4,"minecraft:bone":50,"minecraft:bow":1,"minecraft:wheat_seeds":184,"minecraft:raw_gold":30,"minecraft:bell":1,"minecraft:mossy_stone_bricks":1,"minecraft:fletching_table":3,"alexsmobs:blobfish":7,"minecraft:oak_planks":340,"earthmobsmod:harder_flesh":2,"minecraft:mossy_cobblestone":3,"alexsmobs:animal_dictionary":1,"undead_revamp2:heavytooth":1,"minecraft:bundle":3,"minecraft:iron_hoe":3,"minecraft:diamond":16,"minecraft:lever":1,"minecraft:granite":6,"minecraft:bone_meal":10,"minecraft:grass":2,"minecraft:emerald":55,"minecraft:bread":186,"minecraft:oak_sapling":116,"minecraft:netherrack":10,"iceandfire:raw_silver":6,"minecraft:diamond_pickaxe":1,"luminousworld:groundpebbles_1":12,"minecraft:crafting_table":12,"born_in_chaos_v1:diamond_termite_shard":5,"minecraft:chicken":1,"born_in_chaos_v1:seedof_chaos":1,"minecraft:stone_brick_wall":79,"aether:leather_gloves":1,"minecraft:cornflower":3,"minecraft:oak_trapdoor":6,"minecraft:item_frame":2,"minecraft:iron_shovel":1,"minecraft:cracked_stone_bricks":12,"minecraft:oak_boat":7,"minecraft:jungle_sapling":3,"minecraft:iron_nugget":21,"minecraft:poppy":7,"minecraft:lectern":6,"minecraft:sugar_cane":38,"minecraft:egg":3,"minecraft:dark_oak_sapling":4,"minecraft:raw_iron":112,"minecraft:oak_door":2,"ecologics:coconut_slice":2,"minecraft:copper_ingot":1,"minecraft:stone_button":16,"luminousworld:raw_squirrel":1,"born_in_chaos_v1:pieceofdarkmetal":4,"minecraft:carrot":212,"minecraft:redstone":2,"minecraft:dark_oak_planks":5,"minecraft:tnt":3,"minecraft:arrow":14,"minecraft:hay_block":16,"born_in_chaos_v1:spiny_shell":4,"tombstone:essence_of_undeath":1,"minecraft:gold_ingot":25,"minecraft:glow_berries":2,"minecraft:bone_block":12,"minecraft:rail":1,"minecraft:skeleton_skull":1,"minecraft:white_wool":5,"minecraft:oxeye_daisy":1,"born_in_chaos_v1:fused_bone":2,"mowziesmobs:umvuthana_mask_fury":1,"born_in_chaos_v1:corpse_maggot":4,"minecraft:golden_carrot":7,"born_in_chaos_v1:monster_flesh":1,"minecraft:leather":11,"minecraft:oak_log":346,"minecraft:gunpowder":3,"artifacts:cloud_in_a_bottle":1,"minecraft:cobblestone_stairs":13,"tombstone:gift":1,"quark:forgotten_hat":1,"mowziesmobs:umvuthana_mask_rage":1,"minecraft:apple":8,"minecraft:stone_bricks":152,"minecraft:iron_ingot":4,"minecraft:oak_fence_gate":1,"minecraft:cobweb":9,"minecraft:tall_grass":2,"mowziesmobs:umvuthana_mask_misery":1,"minecraft:iron_sword":1,"minecraft:acacia_sapling":2,"minecraft:book":18,"minecraft:oak_slab":37,"iceandfire:copper_nugget":10,"minecraft:pumpkin":1,"minecraft:chiseled_stone_bricks":2,"born_in_chaos_v1:ethereal_spirit":5,"minecraft:dandelion":4,"minecraft:raw_iron_block":2,"luminousworld:sunset_petunias":3,"minecraft:gravel":6,"minecraft:white_bed":16,"quark:oak_chest":7,"minecraft:dark_oak_fence_gate":6,"minecraft:spider_eye":2,"undead_revamp2:rawbostrox":6,"minecraft:purple_bed":2,"minecraft:slime_ball":17,"minecraft:chainmail_leggings":3,"minecraft:iron_helmet":1,"tombstone:magic_scroll":2,"minecraft:coal":155},"minecraft:killed":{"minecraft:cave_spider":2,"minecraft:witch":1,"born_in_chaos_v1:restless_spirit":1,"born_in_chaos_v1:pumpkin_spirit":1,"minecraft:spider":3,"enemyexpansion:equestrian":1,"undead_revamp2:thesmoker":1,"alexsmobs:murmur":1,"born_in_chaos_v1:siamese_skeletonsright":1,"quark:forgotten":1,"born_in_chaos_v1:scarlet_persecutor":3,"minecraft:skeleton":6,"minecraft:chicken":1,"born_in_chaos_v1:skeleton_thrasher":2,"undead_revamp2:thepregnant":1,"undead_revamp2:thespitter":1,"enemyexpansion:vampflyer":3,"minecraft:pig":2,"born_in_chaos_v1:diamond_termite":5,"undead_revamp2:theheavy":1,"minecraft:sheep":4,"minecraft:pillager":17,"cataclysm:deepling_brute":1,"minecraft:zombie":23,"born_in_chaos_v1:dread_hound":3,"enemyexpansion:vampire":2,"luminousworld:brown_squirrel":1,"born_in_chaos_v1:corpse_fly":1,"born_in_chaos_v1:door_knight":1,"born_in_chaos_v1:siamese_skeletonsleft":2,"enemyexpansion:trollenraged":1,"undead_revamp2:thegliter":2,"enemyexpansion:intruder":1,"minecraft:vindicator":5,"quark:toretoise":2,"enemyexpansion:direwolf":5,"born_in_chaos_v1:thornshell_crab":1,"born_in_chaos_v1:maggot":8,"enemyexpansion:faller":1,"luminousworld:monarch":1,"alexsmobs:flying_fish":1,"mowziesmobs:umvuthana":3,"born_in_chaos_v1:barrel_zombie":2,"friendsandfoes:copper_golem":1,"born_in_chaos_v1:fallen_chaos_knight":1,"mowziesmobs:grottol":1,"earthmobsmod:bouldering_zombie":2,"undead_revamp2:the_moonflower":4,"enemyexpansion:sprinter":3,"born_in_chaos_v1:decrepit_skeleton":3,"born_in_chaos_v1:bloody_gadfly":1,"undead_revamp2:thesomnolence":6,"iceandfire:ghost":4,"enemyexpansion:huntsman":2,"naturalist:lizard":1,"enemyexpansion:slugger":1},"minecraft:used":{"quark:ancient_tome":1,"minecraft:iron_shovel":495,"minecraft:shield":36,"minecraft:iron_sword":125,"minecraft:bell":1,"minecraft:iron_chestplate":1,"minecraft:carrot":177,"minecraft:tuff":1,"minecraft:jungle_sapling":3,"minecraft:lava_bucket":2,"minecraft:lantern":5,"minecraft:iron_helmet":2,"minecraft:stone_bricks":1,"supplementaries:bomb_blue":1,"luminousworld:cooked_squirrel":1,"mowziesmobs:umvuthana_mask_rage":1,"minecraft:oak_sapling":46,"minecraft:furnace":14,"minecraft:skeleton_skull":1,"minecraft:egg":3,"born_in_chaos_v1:nightmare_mantleofthe_night_boots":2,"minecraft:diorite":1,"minecraft:stone_pickaxe":186,"minecraft:oak_planks":1415,"minecraft:sugar_cane":26,"minecraft:wooden_pickaxe":9,"minecraft:diamond_axe":1315,"minecraft:composter":11,"luminousworld:groundpebbles_1":2,"minecraft:white_wool":1,"luminousworld:viper_plaque":1,"minecraft:black_bed":1,"born_in_chaos_v1:monster_flesh":1,"minecraft:bread":135,"minecraft:gravel":4,"minecraft:lectern":5,"tombstone:grave_key":9,"ecologics:coconut_slice":1,"minecraft:andesite":2,"minecraft:oak_boat":7,"minecraft:bone_meal":188,"minecraft:experience_bottle":1,"mowziesmobs:umvuthana_mask_misery":1,"tombstone:scroll_of_frost_resistance":1,"minecraft:oak_door":2,"minecraft:torch":47,"minecraft:dirt":276,"iceandfire:armor_silver_metal_helmet":1,"minecraft:granite":4,"minecraft:oak_fence_gate":4,"minecraft:iron_hoe":100,"minecraft:dark_oak_planks":24,"minecraft:wooden_axe":3,"minecraft:bookshelf":1,"minecraft:iron_axe":395,"minecraft:oak_stairs":38,"minecraft:iron_boots":4,"minecraft:golden_carrot":2,"minecraft:goat_horn":1,"alexsmobs:banana":1,"tombstone:gift":11,"minecraft:cobbled_deepslate":20,"minecraft:iron_leggings":2,"minecraft:water_bucket":45,"minecraft:bundle":4,"quark:forgotten_hat":1,"minecraft:green_bed":1,"minecraft:fletching_table":4,"minecraft:rail":1,"minecraft:oak_slab":37,"minecraft:crafting_table":19,"minecraft:white_bed":16,"minecraft:dark_oak_fence_gate":1,"minecraft:oak_log":2,"minecraft:diamond_pickaxe":289,"minecraft:iron_pickaxe":165,"tombstone:magic_scroll":1,"minecraft:stone_axe":20,"minecraft:cobblestone":64,"minecraft:purple_bed":2,"mowziesmobs:umvuthana_mask_fury":1,"minecraft:bucket":48,"quark:oak_chest":11,"alexsmobs:animal_dictionary":2}},"DataVersion":3465}