{"stats":{"minecraft:killed_by":{"minecraft:vindicator":1,"minecraft:player":1},"minecraft:killed":{"enemyexpansion:equestrian":1,"minecraft:vindicator":5,"minecraft:skeleton":1,"minecraft:pillager":17,"minecraft:zombie":2,"luminousworld:brown_squirrel":1,"minecraft:chicken":1,"born_in_chaos_v1:corpse_fly":1,"luminousworld:monarch":1,"naturalist:lizard":1},"minecraft:picked_up":{"luminousworld:groundpebbles_1":2,"born_in_chaos_v1:corpse_maggot":2,"minecraft:crafting_table":7,"illagerinvasion:platinum_chunk":8,"minecraft:chicken":1,"minecraft:andesite":9,"minecraft:enchanted_book":1,"minecraft:oak_log":13,"minecraft:dirt":41,"born_in_chaos_v1:marigolds":1,"minecraft:bone":3,"minecraft:stone_bricks":15,"minecraft:cracked_stone_bricks":12,"minecraft:wheat_seeds":4,"minecraft:iron_pickaxe":1,"minecraft:sugar_cane":8,"minecraft:oak_planks":17,"minecraft:furnace":4,"minecraft:raw_iron":19,"minecraft:chiseled_stone_bricks":2,"minecraft:torch":1,"tombstone:grave_dust":1,"luminousworld:raw_squirrel":1,"minecraft:diorite":4,"minecraft:redstone":2,"minecraft:spider_eye":1,"minecraft:mossy_cobblestone":3,"alexsmobs:animal_dictionary":1,"minecraft:purple_bed":1,"minecraft:bundle":1,"minecraft:rotten_flesh":2,"minecraft:lever":1,"minecraft:granite":6,"minecraft:bread":83,"minecraft:emerald":9,"supplementaries:ash":1,"minecraft:coal":44,"iceandfire:raw_silver":6,"minecraft:cobblestone":112},"minecraft:used":{"minecraft:diorite":1,"minecraft:bundle":1,"minecraft:stone_pickaxe":186,"minecraft:shield":2,"minecraft:wooden_pickaxe":9,"minecraft:iron_sword":106,"luminousworld:groundpebbles_1":2,"minecraft:torch":1,"minecraft:dirt":12,"minecraft:crafting_table":7,"minecraft:granite":4,"iceandfire:armor_silver_metal_helmet":1,"minecraft:wooden_axe":3,"minecraft:bread":15,"minecraft:iron_pickaxe":14,"minecraft:stone_bricks":1,"minecraft:stone_axe":20,"luminousworld:cooked_squirrel":1,"minecraft:cobblestone":59,"minecraft:purple_bed":1,"minecraft:furnace":4,"tombstone:gift":2,"alexsmobs:animal_dictionary":2},"minecraft:custom":{"minecraft:interact_with_furnace":14,"minecraft:mob_kills":32,"tombstone:raider_killed":22,"minecraft:interact_with_crafting_table":16,"minecraft:leave_game":5,"minecraft:time_since_death":1260,"minecraft:time_since_rest":1096,"minecraft:sprint_one_cm":104485,"minecraft:damage_taken":1225,"minecraft:walk_one_cm":110402,"minecraft:damage_blocked_by_shield":105,"minecraft:drop":33,"minecraft:damage_dealt":6358,"minecraft:open_chest":2,"minecraft:damage_dealt_absorbed":73,"minecraft:swim_one_cm":13486,"minecraft:fly_one_cm":146097,"minecraft:player_kills":1,"minecraft:crouch_one_cm":16211,"minecraft:play_time":45167,"tombstone:undead_killed":4,"minecraft:deaths":2,"minecraft:sneak_time":5521,"minecraft:walk_under_water_one_cm":1193,"tombstone:tomb_raiding":1,"minecraft:jump":844,"minecraft:walk_on_water_one_cm":4739,"minecraft:total_world_time":45167,"minecraft:fall_one_cm":14926},"minecraft:dropped":{"minecraft:enchanted_book":1,"minecraft:bread":54,"iceandfire:raw_silver":1,"minecraft:wheat_seeds":4,"alexsmobs:animal_dictionary":2,"minecraft:cobblestone":10,"minecraft:rotten_flesh":2,"minecraft:oak_planks":17,"minecraft:granite":2,"minecraft:cracked_stone_bricks":12,"minecraft:chiseled_stone_bricks":2,"minecraft:dirt":16,"illagerinvasion:platinum_chunk":4,"minecraft:diorite":3,"minecraft:wooden_axe":1,"born_in_chaos_v1:corpse_maggot":2,"tombstone:grave_dust":1,"minecraft:spider_eye":1,"minecraft:stone_pickaxe":1,"minecraft:wooden_pickaxe":2,"born_in_chaos_v1:marigolds":1},"minecraft:crafted":{"minecraft:oak_planks":52,"iceandfire:silver_ingot":5,"minecraft:crafting_table":2,"minecraft:wooden_pickaxe":2,"minecraft:iron_sword":1,"minecraft:furnace":2,"minecraft:stone_axe":2,"minecraft:air":0,"iceandfire:armor_silver_metal_helmet":1,"minecraft:shield":1,"minecraft:stick":20,"luminousworld:cooked_squirrel":1,"minecraft:iron_ingot":3,"minecraft:stone_pickaxe":2,"minecraft:wooden_axe":1,"minecraft:torch":4},"minecraft:mined":{"born_in_chaos_v1:marigolds":1,"iceandfire:silver_ore":5,"minecraft:mossy_cobblestone":3,"minecraft:crafting_table":7,"minecraft:granite":6,"minecraft:grass_block":7,"supplementaries:wild_flax":1,"minecraft:redstone_wire":1,"luminousworld:grassvariant_2":3,"minecraft:tall_grass":1,"minecraft:cobblestone":9,"minecraft:sugar_cane":3,"minecraft:diorite":4,"minecraft:chiseled_stone_bricks":1,"minecraft:purple_bed":1,"minecraft:furnace":4,"minecraft:iron_ore":14,"minecraft:andesite":9,"minecraft:grass":10,"minecraft:oak_log":13,"minecraft:coal_ore":41,"minecraft:dirt":6,"luminousworld:grassvariant_3":5,"minecraft:stone":95,"minecraft:stone_bricks":15}},"DataVersion":3465}