{"stats":{"minecraft:killed_by":{"minecraft:player":1,"minecraft:vindicator":1},"minecraft:killed":{"born_in_chaos_v1:pumpkin_spirit":1,"minecraft:vindicator":5,"enemyexpansion:equestrian":1,"minecraft:skeleton":2,"minecraft:chicken":1,"luminousworld:monarch":1,"minecraft:pig":1,"minecraft:pillager":17,"minecraft:zombie":2,"luminousworld:brown_squirrel":1,"born_in_chaos_v1:corpse_fly":1,"naturalist:lizard":1},"minecraft:picked_up":{"luminousworld:groundpebbles_1":2,"minecraft:crafting_table":8,"illagerinvasion:platinum_chunk":8,"minecraft:chicken":1,"minecraft:enchanted_book":1,"minecraft:string":1,"minecraft:cracked_stone_bricks":12,"minecraft:cobbled_deepslate":6,"minecraft:iron_nugget":21,"minecraft:iron_pickaxe":1,"minecraft:sugar_cane":8,"minecraft:furnace":6,"minecraft:raw_iron":90,"minecraft:stick":3,"ecologics:coconut_slice":2,"minecraft:torch":1,"minecraft:green_bed":1,"minecraft:porkchop":1,"luminousworld:raw_squirrel":1,"tombstone:grave_dust":1,"minecraft:diorite":4,"minecraft:redstone":2,"minecraft:arrow":2,"minecraft:rotten_flesh":2,"minecraft:hay_block":5,"supplementaries:ash":10,"minecraft:rail":1,"minecraft:cobblestone":123,"born_in_chaos_v1:corpse_maggot":2,"minecraft:andesite":9,"minecraft:tuff":4,"minecraft:oak_log":13,"supplementaries:flax_seeds":2,"artifacts:cloud_in_a_bottle":1,"minecraft:dirt":41,"born_in_chaos_v1:marigolds":1,"minecraft:bone":15,"minecraft:stone_bricks":29,"minecraft:wheat_seeds":5,"minecraft:raw_gold":20,"minecraft:mossy_stone_bricks":1,"minecraft:oak_planks":17,"minecraft:chiseled_stone_bricks":2,"born_in_chaos_v1:ethereal_spirit":2,"minecraft:raw_iron_block":2,"minecraft:spider_eye":1,"alexsmobs:animal_dictionary":1,"minecraft:mossy_cobblestone":3,"minecraft:bundle":1,"minecraft:purple_bed":2,"minecraft:diamond":4,"minecraft:lever":1,"minecraft:granite":6,"minecraft:emerald":46,"minecraft:bread":83,"minecraft:coal":111,"iceandfire:raw_silver":6},"minecraft:used":{"minecraft:shield":4,"minecraft:iron_sword":125,"minecraft:torch":9,"minecraft:dirt":25,"minecraft:tuff":1,"iceandfire:armor_silver_metal_helmet":1,"minecraft:granite":4,"minecraft:dark_oak_planks":6,"minecraft:wooden_axe":3,"minecraft:iron_axe":1,"minecraft:iron_boots":1,"minecraft:stone_bricks":1,"luminousworld:cooked_squirrel":1,"minecraft:furnace":8,"tombstone:gift":2,"minecraft:iron_leggings":1,"minecraft:diorite":1,"minecraft:bundle":4,"minecraft:stone_pickaxe":186,"minecraft:wooden_pickaxe":9,"luminousworld:groundpebbles_1":2,"minecraft:green_bed":1,"minecraft:rail":1,"minecraft:crafting_table":10,"minecraft:bread":21,"minecraft:iron_pickaxe":100,"ecologics:coconut_slice":1,"minecraft:stone_axe":20,"minecraft:cobblestone":59,"minecraft:purple_bed":2,"minecraft:bucket":1,"alexsmobs:animal_dictionary":2},"minecraft:custom":{"minecraft:interact_with_smithing_table":1,"minecraft:mob_kills":35,"minecraft:interact_with_crafting_table":32,"minecraft:open_barrel":15,"minecraft:leave_game":5,"minecraft:time_since_death":25260,"minecraft:climb_one_cm":2856,"minecraft:sprint_one_cm":169490,"minecraft:walk_one_cm":163383,"minecraft:damage_blocked_by_shield":145,"minecraft:drop":66,"minecraft:damage_dealt_absorbed":73,"minecraft:play_time":69167,"minecraft:deaths":2,"minecraft:sneak_time":6820,"minecraft:walk_under_water_one_cm":1786,"tombstone:tomb_raiding":1,"minecraft:jump":1249,"minecraft:walk_on_water_one_cm":6169,"minecraft:total_world_time":69167,"minecraft:interact_with_furnace":52,"tombstone:raider_killed":22,"minecraft:time_since_rest":25096,"minecraft:damage_taken":1430,"minecraft:damage_dealt":7104,"minecraft:player_kills":1,"minecraft:swim_one_cm":14208,"minecraft:fly_one_cm":223269,"minecraft:open_chest":10,"minecraft:crouch_one_cm":20232,"tombstone:undead_killed":5,"minecraft:fall_one_cm":23288},"minecraft:dropped":{"minecraft:enchanted_book":1,"minecraft:bread":54,"iceandfire:raw_silver":1,"minecraft:wheat_seeds":5,"minecraft:diamond":3,"ecologics:coconut_slice":1,"minecraft:iron_helmet":1,"minecraft:feather":5,"minecraft:cobblestone":19,"minecraft:granite":2,"minecraft:cracked_stone_bricks":12,"minecraft:coal":66,"minecraft:emerald":18,"minecraft:dirt":16,"illagerinvasion:platinum_chunk":4,"minecraft:diorite":3,"minecraft:wooden_axe":1,"tombstone:grave_dust":1,"minecraft:iron_leggings":1,"minecraft:bone":12,"minecraft:cobbled_deepslate":6,"alexsmobs:animal_dictionary":2,"minecraft:tuff":3,"minecraft:wheat":1,"born_in_chaos_v1:ethereal_spirit":1,"minecraft:raw_iron":32,"minecraft:rotten_flesh":2,"minecraft:oak_planks":17,"minecraft:iron_boots":1,"minecraft:chiseled_stone_bricks":2,"supplementaries:flax_seeds":2,"supplementaries:ash":1,"minecraft:bundle":1,"minecraft:iron_chestplate":1,"minecraft:andesite":9,"born_in_chaos_v1:corpse_maggot":2,"minecraft:mossy_stone_bricks":1,"ecologics:coconut_husk":1,"minecraft:spider_eye":1,"minecraft:stone_bricks":28,"minecraft:wooden_pickaxe":2,"minecraft:stone_pickaxe":2,"born_in_chaos_v1:marigolds":1},"minecraft:crafted":{"minecraft:oak_planks":52,"minecraft:raw_iron":18,"minecraft:furnace":2,"minecraft:iron_boots":2,"luminousworld:cooked_squirrel":1,"minecraft:stone_pickaxe":2,"minecraft:dark_oak_planks":24,"minecraft:wheat":45,"iceandfire:silver_ingot":5,"minecraft:diamond_axe":1,"minecraft:crafting_table":2,"minecraft:iron_helmet":1,"minecraft:wooden_pickaxe":2,"minecraft:iron_sword":1,"minecraft:bucket":1,"minecraft:stone_axe":2,"minecraft:bread":45,"minecraft:air":0,"iceandfire:armor_silver_metal_helmet":1,"minecraft:iron_chestplate":1,"minecraft:shield":1,"minecraft:stick":20,"minecraft:iron_pickaxe":1,"minecraft:iron_ingot":65,"minecraft:wooden_axe":1,"minecraft:gold_ingot":8,"minecraft:iron_leggings":2,"minecraft:torch":4},"minecraft:mined":{"minecraft:tuff":3,"iceandfire:silver_ore":5,"minecraft:mossy_cobblestone":3,"minecraft:deepslate_diamond_ore":3,"minecraft:granite":6,"minecraft:grass_block":7,"minecraft:redstone_wire":1,"luminousworld:grassvariant_2":3,"minecraft:chiseled_stone_bricks":1,"minecraft:hay_block":4,"minecraft:raw_iron_block":2,"minecraft:furnace":6,"minecraft:iron_ore":36,"minecraft:andesite":9,"minecraft:deepslate_iron_ore":10,"minecraft:stone":95,"minecraft:green_bed":1,"born_in_chaos_v1:marigolds":1,"minecraft:crafting_table":8,"minecraft:emerald_ore":13,"supplementaries:wild_flax":1,"minecraft:tall_grass":4,"minecraft:cobblestone":15,"minecraft:sugar_cane":3,"minecraft:diorite":4,"supplementaries:urn":3,"minecraft:purple_bed":2,"minecraft:grass":13,"minecraft:coal_ore":42,"minecraft:oak_log":13,"minecraft:dirt":6,"luminousworld:grassvariant_3":7,"minecraft:cobweb":2,"minecraft:cracked_stone_bricks":1,"minecraft:stone_bricks":16,"minecraft:gold_ore":16,"minecraft:deepslate":5}},"DataVersion":3465}