{"stats":{"minecraft:killed_by":{"minecraft:skeleton":1},"minecraft:mined":{"luminousworld:yellow_grassflowers":1,"minecraft:crafting_table":1,"minecraft:grass":12,"minecraft:oak_log":4,"quark:blossom_log":5,"luminousworld:grassvariant_2":1,"luminousworld:grassvariant_3":1,"ecologics:coconut_log":3},"minecraft:custom":{"minecraft:time_since_rest":288,"minecraft:sprint_one_cm":37861,"minecraft:damage_taken":335,"minecraft:walk_one_cm":20911,"minecraft:mob_kills":3,"minecraft:damage_dealt":446,"minecraft:swim_one_cm":5037,"minecraft:interact_with_crafting_table":1,"minecraft:fly_one_cm":76173,"minecraft:crouch_one_cm":1198,"minecraft:play_time":11334,"tombstone:undead_killed":1,"minecraft:deaths":1,"minecraft:sneak_time":371,"minecraft:walk_under_water_one_cm":1833,"minecraft:jump":292,"minecraft:leave_game":1,"minecraft:walk_on_water_one_cm":4269,"minecraft:time_since_death":1681,"minecraft:total_world_time":11334,"minecraft:fall_one_cm":6159},"minecraft:crafted":{"minecraft:crafting_table":1,"ecologics:coconut_planks":16,"minecraft:stick":4,"minecraft:wooden_axe":1},"minecraft:picked_up":{"born_in_chaos_v1:corpse_maggot":2,"minecraft:crafting_table":1,"minecraft:feather":2,"minecraft:chicken":1,"quark:blossom_log":6,"minecraft:porkchop":3,"minecraft:oak_log":4,"luminousworld:yellow_grassflowers":1,"minecraft:wheat_seeds":2,"ecologics:coconut_log":4},"minecraft:killed":{"minecraft:pig":1,"minecraft:chicken":1,"enemyexpansion:equestrian":1},"minecraft:used":{"born_in_chaos_v1:corpse_maggot":2,"minecraft:wooden_axe":24,"minecraft:chicken":1,"minecraft:crafting_table":1,"minecraft:porkchop":3}},"DataVersion":3465}