{"stats":{"minecraft:killed_by":{"undead_revamp2:the_moonflower":1,"iceandfire:sea_serpent":1,"born_in_chaos_v1:diamond_termite":1,"minecraft:skeleton":1,"minecraft:zombie":2},"minecraft:dropped":{"iceandfire:raw_silver":1,"luminousworld:sunset_petunias":2,"minecraft:wheat_seeds":2,"minecraft:oak_log":6,"luminousworld:ishstone":10,"minecraft:dark_oak_sapling":6,"minecraft:feather":6,"minecraft:cobblestone":533,"ecologics:walnut_sapling":1,"minecraft:granite":36,"minecraft:coal":6,"minecraft:dirt":135,"born_in_chaos_v1:black_argillite":2,"minecraft:diorite":27,"tombstone:grave_key":6,"minecraft:mutton":2,"minecraft:wooden_axe":4,"tombstone:grave_dust":4,"minecraft:string":1,"minecraft:redstone":1,"minecraft:gravel":7,"minecraft:furnace":1,"minecraft:stone_axe":1,"minecraft:kelp":1,"minecraft:compass":1,"minecraft:cooked_chicken":1,"minecraft:golden_chestplate":2,"minecraft:cobbled_deepslate":887,"minecraft:raw_copper":4,"minecraft:tuff":258,"tombstone:gift":2,"minecraft:chicken":2,"minecraft:rotten_flesh":7,"minecraft:oak_planks":33,"iceandfire:copper_shovel":1,"luminousworld:savannah_soil":1,"luminousworld:yellow_grassflowers":1,"minecraft:hay_block":1,"minecraft:skeleton_skull":1,"minecraft:andesite":27,"minecraft:oak_sapling":1,"minecraft:wooden_shovel":1,"minecraft:stone_pickaxe":2,"minecraft:wooden_pickaxe":2},"minecraft:custom":{"minecraft:interact_with_anvil":4,"minecraft:mob_kills":37,"minecraft:interact_with_crafting_table":67,"minecraft:leave_game":4,"minecraft:time_since_death":4039,"minecraft:climb_one_cm":6302,"minecraft:sprint_one_cm":515888,"minecraft:walk_one_cm":596956,"minecraft:damage_blocked_by_shield":725,"minecraft:drop":111,"minecraft:talked_to_villager":23,"minecraft:play_time":335055,"minecraft:deaths":8,"minecraft:sneak_time":26657,"minecraft:walk_under_water_one_cm":23549,"minecraft:boat_one_cm":705233,"minecraft:jump":4614,"minecraft:walk_on_water_one_cm":42126,"minecraft:total_world_time":335055,"minecraft:interact_with_furnace":60,"minecraft:traded_with_villager":2,"minecraft:sleep_in_bed":1,"minecraft:time_since_rest":2040,"minecraft:damage_taken":4328,"tombstone:sneak_grave":9,"minecraft:damage_dealt":5585,"minecraft:swim_one_cm":22684,"minecraft:fly_one_cm":941837,"minecraft:open_chest":26,"minecraft:crouch_one_cm":56423,"tombstone:undead_killed":19,"minecraft:interact_with_smoker":2,"minecraft:fall_one_cm":78387},"minecraft:crafted":{"minecraft:oak_planks":280,"minecraft:oak_sign":3,"ecologics:coconut_planks":28,"ecologics:walnut_planks":16,"minecraft:cooked_chicken":2,"minecraft:furnace":1,"iceandfire:copper_shovel":1,"minecraft:iron_boots":1,"minecraft:diamond_leggings":1,"minecraft:iron_axe":1,"luminousworld:white_oak_plank":28,"minecraft:stone_pickaxe":13,"minecraft:cooked_beef":6,"minecraft:wooden_shovel":1,"sophisticatedbackpacks:backpack":1,"minecraft:cooked_porkchop":1,"minecraft:crafting_table":7,"minecraft:iron_helmet":1,"minecraft:wooden_pickaxe":3,"minecraft:stone_axe":6,"minecraft:enchanted_book":2,"minecraft:air":0,"minecraft:jungle_planks":16,"minecraft:oak_boat":1,"minecraft:shield":1,"minecraft:stick":98,"quark:oak_chest":1,"minecraft:iron_ingot":32,"minecraft:iron_pickaxe":2,"minecraft:wooden_axe":4,"minecraft:stone_sword":1,"minecraft:gold_ingot":16,"minecraft:torch":84,"minecraft:diamond_chestplate":1},"minecraft:mined":{"minecraft:tuff":131,"iceandfire:silver_ore":3,"minecraft:dark_oak_leaves":41,"luminousworld:grassvariant_4":2,"minecraft:deepslate_diamond_ore":18,"minecraft:dark_oak_log":2,"born_in_chaos_v1:infected_diamond_ore":1,"minecraft:granite":32,"minecraft:grass_block":4,"born_in_chaos_v1:black_argillite":5,"luminousworld:grassvariant_2":9,"ecologics:coconut_log":6,"luminousworld:savanna_grass_2":1,"luminousworld:sunset_petunias":1,"minecraft:redstone_ore":5,"minecraft:furnace":8,"luminousworld:yellow_grassflowers":2,"minecraft:iron_ore":19,"minecraft:cobbled_deepslate":2,"minecraft:fire":1,"minecraft:andesite":61,"treechop:chopped_log":24,"minecraft:potatoes":1,"minecraft:bookshelf":25,"minecraft:deepslate_iron_ore":14,"ecologics:walnut_log":4,"minecraft:stone":516,"luminousworld:savannah_soil":4,"minecraft:deepslate_redstone_ore":10,"born_in_chaos_v1:marigolds":1,"luminousworld:savannah_grass_1":1,"minecraft:crafting_table":33,"minecraft:cornflower":1,"minecraft:torch":1,"minecraft:emerald_ore":22,"minecraft:melon":6,"quark:blossom_log":5,"luminousworld:auburnlog":1,"minecraft:copper_ore":5,"minecraft:cobblestone":29,"minecraft:deepslate_gold_ore":17,"minecraft:oak_planks":1,"placeablesmod:bread_full_block":1,"minecraft:diorite":35,"minecraft:wall_torch":9,"supplementaries:urn":1,"luminousworld:whiteoaklog":7,"minecraft:grass":33,"minecraft:oak_log":82,"minecraft:coal_ore":101,"luminousworld:ishstone":26,"minecraft:gravel":14,"minecraft:dirt":42,"luminousworld:grassvariant_3":12,"minecraft:cobweb":26,"luminousworld:savannah_grass_4":1,"minecraft:gold_ore":13,"minecraft:fern":1,"minecraft:oak_leaves":2,"minecraft:deepslate":816},"minecraft:broken":{"minecraft:stone_sword":1,"minecraft:stone_pickaxe":11,"minecraft:iron_pickaxe":1},"minecraft:picked_up":{"minecraft:wooden_axe":2,"luminousworld:groundpebbles_1":1,"minecraft:crafting_table":34,"minecraft:chicken":3,"born_in_chaos_v1:river_mint":1,"minecraft:wooden_pickaxe":1,"tombstone:grave_key":1,"born_in_chaos_v1:black_argillite":2,"minecraft:string":31,"minecraft:raw_copper":13,"minecraft:iron_axe":1,"minecraft:experience_bottle":1,"minecraft:zombie_head":1,"ecologics:walnut_sapling":1,"minecraft:cobbled_deepslate":947,"minecraft:beef":9,"minecraft:oak_boat":5,"minecraft:melon_slice":30,"naturalist:cooked_duck":2,"minecraft:furnace":10,"minecraft:dark_oak_sapling":8,"minecraft:stick":6,"minecraft:raw_iron":32,"naturalist:duck":2,"ecologics:walnut_log":4,"ecologics:coconut_slice":4,"luminousworld:savannah_soil":4,"minecraft:copper_ingot":1,"minecraft:torch":9,"sophisticatedbackpacks:backpack":1,"quark:blossom_log":6,"minecraft:porkchop":5,"tombstone:grave_dust":6,"minecraft:diorite":35,"minecraft:redstone":62,"minecraft:golden_chestplate":2,"minecraft:arrow":5,"minecraft:rotten_flesh":9,"luminousworld:yellow_grassflowers":3,"artifacts:villager_hat":1,"minecraft:hay_block":1,"ecologics:coconut_log":7,"minecraft:mutton":2,"minecraft:skeleton_skull":1,"minecraft:cobblestone":784,"born_in_chaos_v1:corpse_maggot":2,"minecraft:feather":10,"minecraft:cooked_beef":5,"minecraft:andesite":56,"minecraft:jungle_log":4,"luminousworld:ishstone":15,"minecraft:leather":10,"minecraft:potato":1,"minecraft:flint":2,"minecraft:tuff":283,"minecraft:oak_log":82,"minecraft:dirt":135,"minecraft:lantern":1,"tombstone:gift":2,"born_in_chaos_v1:marigolds":1,"minecraft:cooked_mutton":3,"minecraft:bone":8,"minecraft:kelp":1,"minecraft:wheat_seeds":6,"minecraft:raw_gold":34,"minecraft:cooked_chicken":2,"minecraft:iron_ingot":4,"minecraft:stone_pickaxe":4,"minecraft:bamboo":1,"minecraft:mossy_stone_brick_stairs":1,"minecraft:oak_planks":22,"minecraft:book":75,"minecraft:cooked_porkchop":1,"luminousworld:sunset_petunias":2,"minecraft:gravel":7,"minecraft:dark_oak_log":26,"quark:oak_chest":1,"luminousworld:whiteoaklog":7,"minecraft:diamond":36,"minecraft:granite":42,"minecraft:bread":81,"minecraft:emerald":22,"minecraft:oak_sapling":2,"minecraft:black_wool":1,"minecraft:coal":98,"iceandfire:raw_silver":3},"minecraft:killed":{"born_in_chaos_v1:zombie_lumberjack":1,"enemyexpansion:equestrian":1,"minecraft:spider":1,"enemyexpansion:direwolf":2,"naturalist:duck":1,"minecraft:skeleton":2,"minecraft:chicken":3,"undead_revamp2:therod":1,"naturalist:cardinal":1,"minecraft:pig":2,"minecraft:zombie_villager":1,"undead_revamp2:the_moonflower":1,"enemyexpansion:sprinter":2,"earthmobsmod:cream_cow":2,"born_in_chaos_v1:decrepit_skeleton":1,"minecraft:sheep":3,"luminousworld:savannah_skeleton":1,"minecraft:zombie":5,"iceandfire:ghost":3,"minecraft:cow":2},"minecraft:used":{"minecraft:stone_sword":66,"minecraft:oak_sign":2,"minecraft:shield":33,"minecraft:wooden_shovel":25,"minecraft:cooked_chicken":1,"minecraft:torch":90,"minecraft:tuff":25,"minecraft:granite":1,"minecraft:wooden_axe":38,"born_in_chaos_v1:corpse_maggot":2,"minecraft:iron_axe":103,"naturalist:duck":2,"luminousworld:savannah_soil":3,"minecraft:furnace":9,"tombstone:gift":5,"minecraft:cooked_beef":10,"minecraft:cobbled_deepslate":16,"minecraft:cooked_mutton":2,"minecraft:damaged_anvil":1,"minecraft:stone_pickaxe":1506,"minecraft:wooden_pickaxe":20,"minecraft:mossy_stone_brick_stairs":1,"luminousworld:ishstone":1,"minecraft:crafting_table":36,"iceandfire:copper_shovel":4,"minecraft:chicken":1,"minecraft:bread":31,"minecraft:iron_pickaxe":406,"ecologics:coconut_slice":4,"minecraft:stone_axe":207,"minecraft:cobblestone":61,"naturalist:cooked_duck":2,"minecraft:porkchop":3,"minecraft:cooked_porkchop":2,"minecraft:andesite":7,"quark:oak_chest":1,"minecraft:oak_boat":6}},"DataVersion":3465}