{"stats":{"minecraft:dropped":{"iceandfire:raw_silver":1,"luminousworld:sunset_petunias":2,"minecraft:wheat_seeds":2,"minecraft:oak_log":6,"luminousworld:ishstone":10,"minecraft:feather":6,"minecraft:cobblestone":37,"ecologics:walnut_sapling":1,"minecraft:coal":6,"minecraft:diorite":21,"tombstone:grave_key":6,"minecraft:mutton":2,"minecraft:wooden_axe":4,"tombstone:grave_dust":2,"minecraft:string":1,"minecraft:cooked_chicken":1,"minecraft:cobbled_deepslate":64,"minecraft:raw_copper":4,"minecraft:chicken":2,"minecraft:rotten_flesh":2,"minecraft:oak_planks":33,"iceandfire:copper_shovel":1,"luminousworld:yellow_grassflowers":1,"minecraft:hay_block":1,"minecraft:skeleton_skull":1,"minecraft:andesite":9,"minecraft:wooden_pickaxe":2},"minecraft:used":{"minecraft:stone_sword":3,"minecraft:shield":27,"minecraft:wooden_shovel":25,"minecraft:cooked_chicken":1,"minecraft:torch":31,"born_in_chaos_v1:corpse_maggot":2,"minecraft:wooden_axe":38,"minecraft:iron_axe":16,"naturalist:duck":2,"minecraft:furnace":4,"tombstone:gift":5,"minecraft:cooked_beef":10,"minecraft:cobbled_deepslate":6,"minecraft:cooked_mutton":2,"minecraft:stone_pickaxe":724,"minecraft:wooden_pickaxe":20,"luminousworld:ishstone":1,"minecraft:crafting_table":22,"iceandfire:copper_shovel":4,"minecraft:chicken":1,"minecraft:bread":7,"minecraft:iron_pickaxe":133,"minecraft:stone_axe":125,"ecologics:coconut_slice":4,"minecraft:cobblestone":44,"naturalist:cooked_duck":2,"minecraft:porkchop":3,"minecraft:cooked_porkchop":2,"minecraft:andesite":5},"minecraft:killed":{"born_in_chaos_v1:zombie_lumberjack":1,"enemyexpansion:equestrian":1,"minecraft:spider":1,"naturalist:duck":1,"minecraft:skeleton":1,"minecraft:chicken":3,"undead_revamp2:therod":1,"naturalist:cardinal":1,"minecraft:pig":1,"enemyexpansion:sprinter":2,"earthmobsmod:cream_cow":1,"minecraft:sheep":3,"minecraft:zombie":3,"iceandfire:ghost":2,"minecraft:cow":1},"minecraft:crafted":{"minecraft:oak_planks":248,"ecologics:coconut_planks":28,"minecraft:cooked_chicken":2,"ecologics:walnut_planks":16,"minecraft:furnace":1,"iceandfire:copper_shovel":1,"minecraft:iron_axe":1,"luminousworld:white_oak_plank":28,"minecraft:stone_pickaxe":9,"minecraft:cooked_beef":6,"minecraft:wooden_shovel":1,"sophisticatedbackpacks:backpack":1,"minecraft:cooked_porkchop":1,"minecraft:crafting_table":6,"minecraft:wooden_pickaxe":3,"minecraft:stone_axe":6,"minecraft:air":0,"minecraft:jungle_planks":16,"minecraft:shield":1,"minecraft:stick":74,"minecraft:iron_ingot":10,"minecraft:iron_pickaxe":2,"minecraft:wooden_axe":4,"minecraft:stone_sword":1,"minecraft:torch":32},"minecraft:picked_up":{"minecraft:wooden_axe":2,"luminousworld:groundpebbles_1":1,"minecraft:crafting_table":22,"minecraft:chicken":3,"born_in_chaos_v1:river_mint":1,"minecraft:wooden_pickaxe":1,"tombstone:grave_key":1,"minecraft:string":9,"minecraft:iron_axe":1,"minecraft:raw_copper":13,"minecraft:experience_bottle":1,"minecraft:zombie_head":1,"ecologics:walnut_sapling":1,"minecraft:cobbled_deepslate":358,"minecraft:beef":6,"naturalist:cooked_duck":2,"minecraft:furnace":5,"minecraft:raw_iron":12,"naturalist:duck":2,"ecologics:walnut_log":4,"ecologics:coconut_slice":4,"minecraft:copper_ingot":1,"minecraft:torch":6,"quark:blossom_log":6,"minecraft:porkchop":3,"tombstone:grave_dust":3,"minecraft:diorite":23,"minecraft:redstone":26,"minecraft:golden_chestplate":1,"minecraft:arrow":2,"minecraft:rotten_flesh":3,"luminousworld:yellow_grassflowers":3,"artifacts:villager_hat":1,"minecraft:hay_block":1,"ecologics:coconut_log":7,"minecraft:mutton":2,"minecraft:skeleton_skull":1,"minecraft:cobblestone":209,"born_in_chaos_v1:corpse_maggot":2,"minecraft:feather":10,"minecraft:cooked_beef":5,"minecraft:andesite":27,"minecraft:jungle_log":4,"luminousworld:ishstone":15,"minecraft:leather":7,"minecraft:tuff":31,"minecraft:oak_log":74,"minecraft:dirt":30,"minecraft:cooked_mutton":3,"minecraft:bone":6,"minecraft:wheat_seeds":6,"minecraft:raw_gold":3,"minecraft:stone_pickaxe":2,"minecraft:iron_ingot":1,"minecraft:oak_planks":21,"minecraft:cooked_porkchop":1,"luminousworld:sunset_petunias":2,"minecraft:gravel":1,"quark:oak_chest":1,"luminousworld:whiteoaklog":7,"minecraft:granite":10,"minecraft:bread":56,"minecraft:oak_sapling":1,"minecraft:black_wool":1,"minecraft:coal":94,"iceandfire:raw_silver":2},"minecraft:custom":{"minecraft:mob_kills":23,"minecraft:interact_with_crafting_table":44,"minecraft:leave_game":4,"minecraft:time_since_death":96626,"minecraft:climb_one_cm":2149,"minecraft:sprint_one_cm":309505,"minecraft:walk_one_cm":328426,"minecraft:damage_blocked_by_shield":645,"minecraft:drop":44,"minecraft:play_time":174948,"minecraft:deaths":5,"minecraft:sneak_time":18311,"minecraft:walk_under_water_one_cm":13851,"minecraft:jump":2742,"minecraft:walk_on_water_one_cm":25428,"minecraft:total_world_time":174948,"minecraft:interact_with_furnace":40,"minecraft:sleep_in_bed":1,"minecraft:time_since_rest":70872,"minecraft:damage_taken":2750,"tombstone:sneak_grave":7,"minecraft:damage_dealt":3052,"minecraft:swim_one_cm":10583,"minecraft:fly_one_cm":565010,"minecraft:open_chest":5,"minecraft:crouch_one_cm":34388,"tombstone:undead_killed":11,"minecraft:fall_one_cm":51860},"minecraft:killed_by":{"undead_revamp2:the_moonflower":1,"minecraft:skeleton":1,"minecraft:zombie":1},"minecraft:mined":{"minecraft:tuff":31,"iceandfire:silver_ore":2,"luminousworld:grassvariant_4":2,"minecraft:granite":10,"minecraft:grass_block":3,"luminousworld:grassvariant_2":8,"ecologics:coconut_log":6,"luminousworld:sunset_petunias":1,"minecraft:furnace":4,"luminousworld:yellow_grassflowers":2,"minecraft:iron_ore":7,"minecraft:cobbled_deepslate":2,"minecraft:andesite":17,"minecraft:deepslate_iron_ore":5,"ecologics:walnut_log":4,"minecraft:stone":180,"minecraft:deepslate_redstone_ore":6,"minecraft:crafting_table":21,"minecraft:cornflower":1,"minecraft:torch":1,"quark:blossom_log":5,"luminousworld:auburnlog":1,"minecraft:copper_ore":5,"minecraft:cobblestone":9,"minecraft:deepslate_gold_ore":3,"minecraft:diorite":23,"minecraft:wall_torch":5,"supplementaries:urn":1,"luminousworld:whiteoaklog":7,"minecraft:grass":28,"minecraft:oak_log":74,"minecraft:coal_ore":97,"luminousworld:ishstone":15,"minecraft:gravel":1,"minecraft:dirt":28,"luminousworld:grassvariant_3":11,"minecraft:cobweb":3,"minecraft:oak_leaves":2,"minecraft:deepslate":451},"minecraft:broken":{"minecraft:stone_pickaxe":5}},"DataVersion":3465}