{"stats":{"minecraft:killed_by":{"minecraft:skeleton":1},"minecraft:killed":{"minecraft:pig":1,"enemyexpansion:equestrian":1,"minecraft:spider":1,"earthmobsmod:cream_cow":1,"minecraft:sheep":3,"minecraft:chicken":3},"minecraft:picked_up":{"luminousworld:groundpebbles_1":1,"born_in_chaos_v1:corpse_maggot":2,"minecraft:crafting_table":5,"minecraft:feather":4,"minecraft:cooked_beef":4,"minecraft:chicken":3,"luminousworld:ishstone":4,"minecraft:leather":2,"minecraft:oak_log":35,"minecraft:string":1,"minecraft:cooked_mutton":3,"minecraft:zombie_head":1,"minecraft:wheat_seeds":4,"minecraft:cobbled_deepslate":20,"minecraft:beef":1,"minecraft:stone_pickaxe":2,"minecraft:oak_planks":2,"ecologics:walnut_log":4,"ecologics:coconut_slice":4,"minecraft:porkchop":3,"quark:blossom_log":6,"luminousworld:whiteoaklog":7,"luminousworld:yellow_grassflowers":2,"ecologics:coconut_log":7,"minecraft:granite":6,"minecraft:oak_sapling":1,"minecraft:black_wool":1,"minecraft:mutton":2,"iceandfire:raw_silver":1,"minecraft:cobblestone":44},"minecraft:custom":{"minecraft:interact_with_furnace":7,"minecraft:mob_kills":10,"minecraft:interact_with_crafting_table":9,"minecraft:leave_game":1,"minecraft:time_since_death":9554,"minecraft:time_since_rest":8325,"minecraft:sprint_one_cm":114396,"minecraft:damage_taken":775,"minecraft:walk_one_cm":100334,"tombstone:sneak_grave":7,"minecraft:drop":7,"minecraft:damage_dealt":1003,"minecraft:swim_one_cm":6427,"minecraft:fly_one_cm":202539,"minecraft:crouch_one_cm":12539,"minecraft:play_time":45592,"tombstone:undead_killed":1,"minecraft:deaths":2,"minecraft:sneak_time":4293,"minecraft:walk_under_water_one_cm":4460,"minecraft:jump":960,"minecraft:walk_on_water_one_cm":12762,"minecraft:total_world_time":45592,"minecraft:fall_one_cm":17563},"minecraft:used":{"minecraft:cooked_mutton":1,"minecraft:stone_pickaxe":66,"minecraft:wooden_pickaxe":10,"minecraft:crafting_table":5,"born_in_chaos_v1:corpse_maggot":2,"minecraft:wooden_axe":26,"minecraft:chicken":1,"minecraft:stone_axe":52,"ecologics:coconut_slice":4,"minecraft:cobblestone":3,"minecraft:porkchop":3,"tombstone:gift":3,"minecraft:cooked_beef":3},"minecraft:broken":{"minecraft:stone_pickaxe":1},"minecraft:dropped":{"minecraft:cooked_chicken":1,"minecraft:chicken":2,"tombstone:grave_key":1,"minecraft:mutton":2,"minecraft:wooden_axe":1,"minecraft:wooden_pickaxe":1,"minecraft:string":1},"minecraft:crafted":{"minecraft:oak_planks":116,"minecraft:crafting_table":2,"ecologics:coconut_planks":28,"minecraft:wooden_pickaxe":1,"minecraft:cooked_chicken":1,"ecologics:walnut_planks":16,"minecraft:furnace":1,"minecraft:stone_axe":2,"luminousworld:white_oak_plank":28,"minecraft:stick":24,"minecraft:stone_pickaxe":2,"minecraft:wooden_axe":2},"minecraft:mined":{"iceandfire:silver_ore":1,"luminousworld:grassvariant_4":2,"minecraft:crafting_table":5,"minecraft:granite":6,"quark:blossom_log":5,"luminousworld:grassvariant_2":3,"ecologics:coconut_log":6,"luminousworld:whiteoaklog":7,"luminousworld:yellow_grassflowers":2,"minecraft:grass":19,"luminousworld:ishstone":4,"minecraft:oak_log":35,"luminousworld:grassvariant_3":4,"ecologics:walnut_log":4,"minecraft:stone":45,"minecraft:oak_leaves":2,"minecraft:deepslate":17}},"DataVersion":3465}