{"stats":{"minecraft:killed_by":{"undead_revamp2:the_moonflower":1,"minecraft:skeleton":1,"minecraft:zombie":1},"minecraft:killed":{"minecraft:pig":1,"born_in_chaos_v1:zombie_lumberjack":1,"minecraft:spider":1,"enemyexpansion:equestrian":1,"earthmobsmod:cream_cow":1,"naturalist:duck":1,"minecraft:sheep":3,"iceandfire:ghost":2,"minecraft:chicken":3,"naturalist:cardinal":1},"minecraft:picked_up":{"minecraft:wooden_axe":2,"luminousworld:groundpebbles_1":1,"born_in_chaos_v1:corpse_maggot":2,"minecraft:crafting_table":10,"minecraft:feather":7,"minecraft:cooked_beef":5,"minecraft:chicken":3,"born_in_chaos_v1:river_mint":1,"minecraft:jungle_log":4,"minecraft:andesite":18,"luminousworld:ishstone":5,"minecraft:leather":2,"minecraft:wooden_pickaxe":1,"minecraft:oak_log":57,"tombstone:grave_key":1,"minecraft:string":1,"minecraft:raw_copper":9,"minecraft:cooked_mutton":3,"minecraft:zombie_head":1,"minecraft:experience_bottle":1,"ecologics:walnut_sapling":1,"minecraft:wheat_seeds":4,"minecraft:cobbled_deepslate":22,"minecraft:iron_ingot":1,"minecraft:beef":1,"minecraft:stone_pickaxe":2,"minecraft:oak_planks":9,"minecraft:furnace":1,"minecraft:raw_iron":2,"naturalist:duck":2,"minecraft:cooked_porkchop":1,"ecologics:walnut_log":4,"ecologics:coconut_slice":4,"minecraft:porkchop":3,"quark:blossom_log":6,"minecraft:golden_chestplate":1,"luminousworld:whiteoaklog":7,"minecraft:rotten_flesh":1,"luminousworld:yellow_grassflowers":2,"ecologics:coconut_log":7,"minecraft:granite":6,"minecraft:oak_sapling":1,"minecraft:black_wool":1,"minecraft:mutton":2,"minecraft:skeleton_skull":1,"iceandfire:raw_silver":2,"minecraft:cobblestone":120},"minecraft:custom":{"minecraft:interact_with_furnace":21,"minecraft:mob_kills":15,"minecraft:interact_with_crafting_table":21,"minecraft:leave_game":2,"minecraft:time_since_death":15118,"minecraft:time_since_rest":14493,"minecraft:sprint_one_cm":213917,"minecraft:damage_taken":2095,"minecraft:walk_one_cm":175444,"tombstone:sneak_grave":7,"minecraft:drop":21,"minecraft:damage_dealt":1787,"minecraft:swim_one_cm":10583,"minecraft:fly_one_cm":425526,"minecraft:crouch_one_cm":19627,"minecraft:play_time":93440,"tombstone:undead_killed":4,"minecraft:deaths":5,"minecraft:sneak_time":7794,"minecraft:walk_under_water_one_cm":12001,"minecraft:jump":1919,"minecraft:walk_on_water_one_cm":24253,"minecraft:total_world_time":93440,"minecraft:fall_one_cm":37196},"minecraft:used":{"minecraft:cooked_mutton":2,"minecraft:stone_pickaxe":128,"minecraft:wooden_pickaxe":20,"luminousworld:ishstone":1,"minecraft:cooked_chicken":1,"minecraft:crafting_table":11,"born_in_chaos_v1:corpse_maggot":2,"minecraft:wooden_axe":38,"minecraft:chicken":1,"naturalist:duck":2,"minecraft:stone_axe":77,"ecologics:coconut_slice":4,"minecraft:cobblestone":10,"minecraft:porkchop":3,"minecraft:cooked_porkchop":2,"minecraft:andesite":5,"tombstone:gift":5,"minecraft:cooked_beef":5,"minecraft:cobbled_deepslate":6},"minecraft:broken":{"minecraft:stone_pickaxe":1},"minecraft:dropped":{"minecraft:cooked_chicken":1,"minecraft:chicken":2,"minecraft:rotten_flesh":1,"minecraft:oak_planks":21,"minecraft:skeleton_skull":1,"tombstone:grave_key":6,"minecraft:mutton":2,"minecraft:wooden_axe":4,"minecraft:wooden_pickaxe":2,"minecraft:string":1},"minecraft:crafted":{"minecraft:cooked_beef":1,"minecraft:oak_planks":204,"minecraft:cooked_porkchop":1,"minecraft:crafting_table":5,"ecologics:coconut_planks":28,"ecologics:walnut_planks":16,"minecraft:wooden_pickaxe":3,"minecraft:cooked_chicken":2,"minecraft:furnace":1,"minecraft:stone_axe":6,"minecraft:jungle_planks":16,"luminousworld:white_oak_plank":28,"minecraft:stick":48,"minecraft:stone_pickaxe":5,"minecraft:wooden_axe":4},"minecraft:mined":{"iceandfire:silver_ore":2,"luminousworld:grassvariant_4":2,"minecraft:cornflower":1,"minecraft:crafting_table":10,"minecraft:granite":6,"quark:blossom_log":5,"luminousworld:auburnlog":1,"luminousworld:grassvariant_2":6,"minecraft:copper_ore":3,"ecologics:coconut_log":6,"luminousworld:whiteoaklog":7,"luminousworld:yellow_grassflowers":2,"minecraft:iron_ore":2,"minecraft:cobbled_deepslate":2,"minecraft:andesite":8,"minecraft:grass":27,"minecraft:oak_log":57,"luminousworld:ishstone":5,"luminousworld:grassvariant_3":10,"ecologics:walnut_log":4,"minecraft:stone":99,"minecraft:oak_leaves":2,"minecraft:deepslate":17}},"DataVersion":3465}