{"stats":{"minecraft:killed_by":{"undead_revamp2:the_moonflower":1,"minecraft:skeleton":1,"minecraft:zombie":1},"minecraft:killed":{"minecraft:pig":1,"born_in_chaos_v1:zombie_lumberjack":1,"minecraft:spider":1,"enemyexpansion:equestrian":1,"earthmobsmod:cream_cow":1,"naturalist:duck":1,"minecraft:sheep":3,"iceandfire:ghost":2,"minecraft:chicken":3,"undead_revamp2:therod":1,"naturalist:cardinal":1,"minecraft:cow":1},"minecraft:picked_up":{"minecraft:wooden_axe":2,"luminousworld:groundpebbles_1":1,"born_in_chaos_v1:corpse_maggot":2,"minecraft:crafting_table":13,"minecraft:feather":7,"minecraft:cooked_beef":5,"minecraft:chicken":3,"born_in_chaos_v1:river_mint":1,"minecraft:jungle_log":4,"minecraft:andesite":18,"luminousworld:ishstone":5,"minecraft:leather":7,"minecraft:wooden_pickaxe":1,"minecraft:oak_log":63,"tombstone:grave_key":1,"minecraft:string":6,"minecraft:raw_copper":9,"minecraft:cooked_mutton":3,"minecraft:zombie_head":1,"minecraft:experience_bottle":1,"ecologics:walnut_sapling":1,"minecraft:wheat_seeds":5,"minecraft:cobbled_deepslate":22,"minecraft:iron_ingot":1,"minecraft:beef":6,"minecraft:stone_pickaxe":2,"minecraft:oak_planks":21,"naturalist:cooked_duck":2,"minecraft:furnace":3,"minecraft:raw_iron":2,"naturalist:duck":2,"minecraft:cooked_porkchop":1,"ecologics:walnut_log":4,"ecologics:coconut_slice":4,"minecraft:copper_ingot":1,"minecraft:torch":1,"luminousworld:sunset_petunias":1,"minecraft:porkchop":3,"quark:blossom_log":6,"quark:oak_chest":1,"minecraft:golden_chestplate":1,"luminousworld:whiteoaklog":7,"minecraft:rotten_flesh":2,"luminousworld:yellow_grassflowers":2,"minecraft:hay_block":1,"ecologics:coconut_log":7,"minecraft:granite":6,"minecraft:oak_sapling":1,"minecraft:black_wool":1,"minecraft:mutton":2,"minecraft:skeleton_skull":1,"iceandfire:raw_silver":2,"minecraft:cobblestone":122},"minecraft:custom":{"minecraft:interact_with_furnace":34,"minecraft:mob_kills":17,"minecraft:interact_with_crafting_table":29,"minecraft:leave_game":2,"minecraft:time_since_death":39118,"minecraft:sleep_in_bed":1,"minecraft:climb_one_cm":2149,"minecraft:time_since_rest":13364,"minecraft:sprint_one_cm":264286,"minecraft:damage_taken":2215,"minecraft:walk_one_cm":233216,"tombstone:sneak_grave":7,"minecraft:drop":22,"minecraft:damage_dealt":1979,"minecraft:swim_one_cm":10583,"minecraft:fly_one_cm":506797,"minecraft:open_chest":5,"minecraft:crouch_one_cm":24714,"minecraft:play_time":117440,"tombstone:undead_killed":5,"minecraft:deaths":5,"minecraft:sneak_time":10089,"minecraft:walk_under_water_one_cm":12255,"minecraft:jump":2308,"minecraft:walk_on_water_one_cm":24628,"minecraft:total_world_time":117440,"minecraft:fall_one_cm":46744},"minecraft:used":{"minecraft:cooked_mutton":2,"minecraft:stone_pickaxe":133,"minecraft:wooden_pickaxe":20,"luminousworld:ishstone":1,"minecraft:cooked_chicken":1,"minecraft:crafting_table":14,"born_in_chaos_v1:corpse_maggot":2,"minecraft:wooden_axe":38,"minecraft:chicken":1,"naturalist:duck":2,"minecraft:stone_axe":94,"ecologics:coconut_slice":4,"minecraft:cobblestone":16,"naturalist:cooked_duck":2,"minecraft:furnace":2,"minecraft:porkchop":3,"minecraft:cooked_porkchop":2,"minecraft:andesite":5,"tombstone:gift":5,"minecraft:cooked_beef":8,"minecraft:cobbled_deepslate":6},"minecraft:broken":{"minecraft:stone_pickaxe":1},"minecraft:dropped":{"minecraft:cooked_chicken":1,"minecraft:chicken":2,"minecraft:rotten_flesh":1,"minecraft:oak_planks":33,"minecraft:skeleton_skull":1,"tombstone:grave_key":6,"minecraft:mutton":2,"minecraft:wooden_axe":4,"minecraft:wooden_pickaxe":2,"minecraft:string":1},"minecraft:crafted":{"minecraft:cooked_beef":6,"minecraft:oak_planks":228,"sophisticatedbackpacks:backpack":1,"minecraft:cooked_porkchop":1,"minecraft:crafting_table":6,"ecologics:coconut_planks":28,"ecologics:walnut_planks":16,"minecraft:wooden_pickaxe":3,"minecraft:cooked_chicken":2,"minecraft:furnace":1,"minecraft:stone_axe":6,"minecraft:air":0,"minecraft:jungle_planks":16,"minecraft:shield":1,"luminousworld:white_oak_plank":28,"minecraft:stick":52,"minecraft:iron_ingot":2,"minecraft:stone_pickaxe":5,"minecraft:wooden_axe":4},"minecraft:mined":{"iceandfire:silver_ore":2,"luminousworld:grassvariant_4":2,"minecraft:torch":1,"minecraft:cornflower":1,"minecraft:crafting_table":13,"minecraft:granite":6,"quark:blossom_log":5,"luminousworld:auburnlog":1,"luminousworld:grassvariant_2":6,"minecraft:cobblestone":2,"minecraft:copper_ore":3,"ecologics:coconut_log":6,"luminousworld:whiteoaklog":7,"luminousworld:sunset_petunias":1,"minecraft:furnace":2,"luminousworld:yellow_grassflowers":2,"minecraft:iron_ore":2,"minecraft:cobbled_deepslate":2,"minecraft:andesite":8,"minecraft:grass":28,"minecraft:oak_log":63,"luminousworld:ishstone":5,"luminousworld:grassvariant_3":11,"ecologics:walnut_log":4,"minecraft:stone":99,"minecraft:oak_leaves":2,"minecraft:deepslate":17}},"DataVersion":3465}