{"stats":{"minecraft:killed_by":{"minecraft:skeleton":1},"minecraft:killed":{"minecraft:pig":1,"minecraft:chicken":1,"enemyexpansion:equestrian":1,"earthmobsmod:cream_cow":1},"minecraft:picked_up":{"born_in_chaos_v1:corpse_maggot":2,"minecraft:crafting_table":5,"minecraft:feather":2,"minecraft:chicken":1,"minecraft:leather":2,"quark:blossom_log":6,"minecraft:porkchop":3,"minecraft:oak_log":34,"luminousworld:whiteoaklog":7,"luminousworld:yellow_grassflowers":1,"minecraft:wheat_seeds":3,"ecologics:coconut_log":4,"minecraft:beef":1,"minecraft:oak_sapling":1,"minecraft:cobblestone":23},"minecraft:used":{"born_in_chaos_v1:corpse_maggot":2,"minecraft:wooden_axe":26,"minecraft:chicken":1,"minecraft:stone_pickaxe":14,"minecraft:wooden_pickaxe":10,"minecraft:stone_axe":33,"minecraft:crafting_table":5,"minecraft:porkchop":3,"tombstone:gift":1},"minecraft:custom":{"minecraft:time_since_rest":10546,"minecraft:sprint_one_cm":58239,"minecraft:damage_taken":395,"minecraft:walk_one_cm":43191,"minecraft:mob_kills":4,"minecraft:drop":3,"minecraft:damage_dealt":512,"minecraft:swim_one_cm":5037,"minecraft:interact_with_crafting_table":9,"minecraft:fly_one_cm":93759,"minecraft:crouch_one_cm":3876,"minecraft:play_time":21592,"tombstone:undead_killed":1,"minecraft:deaths":1,"minecraft:sneak_time":1419,"minecraft:walk_under_water_one_cm":1833,"minecraft:jump":403,"minecraft:leave_game":1,"minecraft:walk_on_water_one_cm":4269,"minecraft:time_since_death":11939,"minecraft:total_world_time":21592,"minecraft:fall_one_cm":8042},"minecraft:dropped":{"tombstone:grave_key":1,"minecraft:wooden_axe":1,"minecraft:wooden_pickaxe":1},"minecraft:crafted":{"minecraft:oak_planks":112,"minecraft:crafting_table":2,"ecologics:coconut_planks":16,"luminousworld:white_oak_plank":28,"minecraft:stick":24,"minecraft:wooden_pickaxe":1,"minecraft:stone_pickaxe":2,"minecraft:wooden_axe":2,"minecraft:furnace":1,"minecraft:stone_axe":2},"minecraft:mined":{"luminousworld:whiteoaklog":7,"luminousworld:yellow_grassflowers":1,"luminousworld:grassvariant_4":1,"minecraft:crafting_table":5,"minecraft:grass":19,"minecraft:oak_log":34,"quark:blossom_log":5,"luminousworld:grassvariant_2":2,"luminousworld:grassvariant_3":3,"ecologics:coconut_log":3,"minecraft:stone":24,"minecraft:oak_leaves":1}},"DataVersion":3465}