{"stats":{"minecraft:killed_by":{"undead_revamp2:the_moonflower":1,"minecraft:skeleton":1},"minecraft:killed":{"minecraft:pig":1,"minecraft:spider":1,"enemyexpansion:equestrian":1,"earthmobsmod:cream_cow":1,"minecraft:sheep":3,"minecraft:chicken":3},"minecraft:picked_up":{"luminousworld:groundpebbles_1":1,"born_in_chaos_v1:corpse_maggot":2,"minecraft:crafting_table":6,"minecraft:feather":4,"minecraft:cooked_beef":4,"minecraft:chicken":3,"born_in_chaos_v1:river_mint":1,"minecraft:andesite":10,"luminousworld:ishstone":5,"minecraft:leather":2,"minecraft:wooden_pickaxe":1,"minecraft:oak_log":43,"minecraft:string":1,"minecraft:raw_copper":9,"minecraft:cooked_mutton":3,"minecraft:zombie_head":1,"minecraft:experience_bottle":1,"minecraft:wheat_seeds":4,"minecraft:cobbled_deepslate":22,"minecraft:beef":1,"minecraft:stone_pickaxe":2,"minecraft:oak_planks":9,"minecraft:cooked_porkchop":1,"ecologics:walnut_log":4,"ecologics:coconut_slice":4,"minecraft:porkchop":3,"quark:blossom_log":6,"luminousworld:whiteoaklog":7,"luminousworld:yellow_grassflowers":2,"ecologics:coconut_log":7,"minecraft:granite":6,"minecraft:oak_sapling":1,"minecraft:black_wool":1,"minecraft:mutton":2,"iceandfire:raw_silver":1,"minecraft:cobblestone":75},"minecraft:custom":{"minecraft:interact_with_furnace":8,"minecraft:mob_kills":10,"minecraft:interact_with_crafting_table":13,"minecraft:leave_game":2,"minecraft:time_since_death":2708,"minecraft:time_since_rest":611,"minecraft:sprint_one_cm":137922,"minecraft:damage_taken":1230,"minecraft:walk_one_cm":127502,"tombstone:sneak_grave":7,"minecraft:drop":10,"minecraft:damage_dealt":1015,"minecraft:swim_one_cm":7453,"minecraft:fly_one_cm":248444,"minecraft:crouch_one_cm":14812,"minecraft:play_time":69440,"tombstone:undead_killed":1,"minecraft:deaths":3,"minecraft:sneak_time":5850,"minecraft:walk_under_water_one_cm":11402,"minecraft:jump":1248,"minecraft:walk_on_water_one_cm":22093,"minecraft:total_world_time":69440,"minecraft:fall_one_cm":20437},"minecraft:used":{"minecraft:cooked_mutton":2,"minecraft:stone_pickaxe":80,"minecraft:wooden_pickaxe":10,"luminousworld:ishstone":1,"minecraft:crafting_table":7,"born_in_chaos_v1:corpse_maggot":2,"minecraft:wooden_axe":26,"minecraft:chicken":1,"minecraft:stone_axe":53,"ecologics:coconut_slice":4,"minecraft:cobblestone":3,"minecraft:porkchop":3,"minecraft:cooked_porkchop":1,"tombstone:gift":3,"minecraft:cooked_beef":3,"minecraft:cobbled_deepslate":6},"minecraft:broken":{"minecraft:stone_pickaxe":1},"minecraft:dropped":{"minecraft:cooked_chicken":1,"minecraft:chicken":2,"minecraft:oak_planks":21,"tombstone:grave_key":1,"minecraft:mutton":2,"minecraft:wooden_axe":1,"minecraft:wooden_pickaxe":1,"minecraft:string":1},"minecraft:crafted":{"minecraft:oak_planks":144,"minecraft:crafting_table":4,"ecologics:coconut_planks":28,"ecologics:walnut_planks":16,"minecraft:wooden_pickaxe":1,"minecraft:cooked_chicken":1,"minecraft:furnace":1,"minecraft:stone_axe":4,"luminousworld:white_oak_plank":28,"minecraft:stick":36,"minecraft:stone_pickaxe":3,"minecraft:wooden_axe":2},"minecraft:mined":{"iceandfire:silver_ore":1,"luminousworld:grassvariant_4":2,"minecraft:cornflower":1,"minecraft:crafting_table":6,"minecraft:granite":6,"quark:blossom_log":5,"luminousworld:auburnlog":1,"luminousworld:grassvariant_2":4,"minecraft:copper_ore":3,"ecologics:coconut_log":6,"luminousworld:whiteoaklog":7,"luminousworld:yellow_grassflowers":2,"minecraft:cobbled_deepslate":2,"minecraft:grass":22,"minecraft:oak_log":43,"luminousworld:ishstone":5,"luminousworld:grassvariant_3":6,"ecologics:walnut_log":4,"minecraft:stone":52,"minecraft:oak_leaves":2,"minecraft:deepslate":17}},"DataVersion":3465}