{"stats":{"minecraft:killed_by":{"minecraft:skeleton":1},"minecraft:killed":{"minecraft:sheep":3,"minecraft:pig":1,"minecraft:chicken":3,"minecraft:spider":1,"enemyexpansion:equestrian":1,"earthmobsmod:cream_cow":1},"minecraft:picked_up":{"minecraft:cooked_beef":4,"born_in_chaos_v1:corpse_maggot":2,"minecraft:crafting_table":5,"minecraft:feather":2,"minecraft:chicken":3,"ecologics:walnut_log":4,"ecologics:coconut_slice":4,"minecraft:leather":2,"quark:blossom_log":6,"minecraft:porkchop":3,"minecraft:oak_log":35,"minecraft:string":1,"luminousworld:whiteoaklog":7,"luminousworld:yellow_grassflowers":2,"minecraft:wheat_seeds":3,"ecologics:coconut_log":7,"minecraft:beef":1,"minecraft:oak_sapling":1,"minecraft:black_wool":1,"minecraft:mutton":2,"iceandfire:raw_silver":1,"minecraft:cobblestone":30},"minecraft:used":{"born_in_chaos_v1:corpse_maggot":2,"minecraft:wooden_axe":26,"minecraft:chicken":1,"minecraft:stone_pickaxe":25,"minecraft:wooden_pickaxe":10,"ecologics:coconut_slice":4,"minecraft:stone_axe":52,"minecraft:crafting_table":5,"minecraft:porkchop":3,"tombstone:gift":1,"minecraft:cooked_beef":3},"minecraft:custom":{"minecraft:time_since_rest":22546,"minecraft:interact_with_furnace":7,"minecraft:sprint_one_cm":103397,"minecraft:damage_taken":525,"minecraft:walk_one_cm":69909,"minecraft:mob_kills":10,"minecraft:drop":7,"minecraft:damage_dealt":991,"minecraft:swim_one_cm":6427,"minecraft:interact_with_crafting_table":9,"minecraft:fly_one_cm":192837,"minecraft:crouch_one_cm":4872,"minecraft:play_time":33592,"tombstone:undead_killed":1,"minecraft:deaths":1,"minecraft:sneak_time":1876,"minecraft:walk_under_water_one_cm":3380,"minecraft:jump":806,"minecraft:leave_game":1,"minecraft:walk_on_water_one_cm":7014,"minecraft:time_since_death":23939,"minecraft:total_world_time":33592,"minecraft:fall_one_cm":16481},"minecraft:dropped":{"minecraft:cooked_chicken":1,"tombstone:grave_key":1,"minecraft:mutton":2,"minecraft:wooden_axe":1,"minecraft:chicken":2,"minecraft:wooden_pickaxe":1,"minecraft:string":1},"minecraft:crafted":{"minecraft:oak_planks":116,"minecraft:crafting_table":2,"ecologics:coconut_planks":28,"luminousworld:white_oak_plank":28,"minecraft:stick":24,"ecologics:walnut_planks":16,"minecraft:cooked_chicken":1,"minecraft:wooden_pickaxe":1,"minecraft:stone_pickaxe":2,"minecraft:wooden_axe":2,"minecraft:furnace":1,"minecraft:stone_axe":2},"minecraft:mined":{"luminousworld:whiteoaklog":7,"iceandfire:silver_ore":1,"luminousworld:yellow_grassflowers":2,"luminousworld:grassvariant_4":2,"minecraft:crafting_table":5,"minecraft:grass":19,"minecraft:oak_log":35,"quark:blossom_log":5,"luminousworld:grassvariant_2":3,"luminousworld:grassvariant_3":4,"ecologics:walnut_log":4,"ecologics:coconut_log":6,"minecraft:stone":31,"minecraft:oak_leaves":2}},"DataVersion":3465}