{"stats":{"minecraft:killed_by":{"born_in_chaos_v1:corpse_fly":1,"alexsmobs:crocodile":1,"undead_revamp2:thespitter":1},"minecraft:killed":{"luminousworld:deer":1,"minecraft:pig":3,"enemyexpansion:equestrian":1,"earthmobsmod:cream_cow":2,"naturalist:duck":1,"born_in_chaos_v1:maggot":1},"minecraft:picked_up":{"luminousworld:groundpebbles_1":1,"minecraft:crafting_table":1,"naturalist:duck":1,"minecraft:feather":2,"ecologics:walnut_log":1,"minecraft:leather":1,"minecraft:porkchop":5,"minecraft:oak_log":5,"tombstone:grave_dust":1,"minecraft:dirt":17,"naturalist:duck_egg":1,"minecraft:bone":2,"minecraft:rotten_flesh":4,"minecraft:wheat_seeds":1,"ecologics:coconut_log":1,"minecraft:beef":1,"supplementaries:ash":1,"minecraft:sugar_cane":6,"minecraft:cobblestone":9},"minecraft:used":{"minecraft:wooden_axe":36,"minecraft:wooden_pickaxe":13,"minecraft:dirt":1,"minecraft:beef":4,"minecraft:porkchop":4,"minecraft:crafting_table":1,"tombstone:gift":1,"alexsmobs:animal_dictionary":5},"minecraft:custom":{"minecraft:time_since_rest":4132,"minecraft:damage_taken":1123,"minecraft:sprint_one_cm":74768,"minecraft:walk_one_cm":60879,"minecraft:mob_kills":9,"minecraft:damage_dealt":1576,"minecraft:swim_one_cm":16926,"minecraft:interact_with_crafting_table":4,"minecraft:fly_one_cm":168674,"minecraft:crouch_one_cm":1514,"minecraft:play_time":20981,"tombstone:undead_killed":1,"minecraft:deaths":4,"minecraft:sneak_time":420,"minecraft:walk_under_water_one_cm":404,"minecraft:damage_dealt_resisted":14,"minecraft:jump":583,"minecraft:time_since_death":4928,"minecraft:walk_on_water_one_cm":5025,"minecraft:total_world_time":20981,"minecraft:fall_one_cm":12782},"minecraft:crafted":{"minecraft:oak_planks":20,"minecraft:crafting_table":1,"minecraft:stick":28,"minecraft:wooden_pickaxe":1,"ecologics:walnut_planks":4,"minecraft:stone_pickaxe":1,"minecraft:wooden_axe":1},"minecraft:mined":{"minecraft:crafting_table":1,"minecraft:grass":7,"minecraft:oak_log":5,"minecraft:dirt":1,"quark:blossom_log":1,"luminousworld:grassvariant_2":2,"luminousworld:grassvariant_3":1,"ecologics:coconut_log":2,"ecologics:walnut_log":1,"minecraft:stone":9,"minecraft:sugar_cane":2,"luminousworld:groundpebbles_3":1}},"DataVersion":3465}