{"stats":{"minecraft:killed_by":{"alexsmobs:crocodile":1,"born_in_chaos_v1:corpse_fly":1,"undead_revamp2:thespitter":1},"minecraft:killed":{"luminousworld:deer":1,"minecraft:pig":3,"enemyexpansion:equestrian":1,"earthmobsmod:cream_cow":2,"naturalist:duck":1,"born_in_chaos_v1:maggot":1,"minecraft:skeleton":1,"minecraft:zombie":1},"minecraft:picked_up":{"quark:crimson_chest":1,"minecraft:birch_log":1,"luminousworld:groundpebbles_1":1,"minecraft:crafting_table":4,"minecraft:feather":2,"luminousworld:ishstone":4,"minecraft:leather":1,"minecraft:oak_log":5,"minecraft:dirt":17,"minecraft:bone":3,"minecraft:wheat_seeds":1,"minecraft:raw_gold":4,"minecraft:beef":1,"minecraft:cooked_chicken":1,"minecraft:sugar_cane":6,"minecraft:furnace":2,"minecraft:raw_iron":15,"naturalist:duck":1,"ecologics:walnut_log":1,"minecraft:torch":2,"minecraft:porkchop":5,"tombstone:grave_dust":1,"minecraft:redstone":35,"naturalist:duck_egg":1,"minecraft:arrow":2,"minecraft:rotten_flesh":4,"ecologics:coconut_log":1,"minecraft:golden_apple":1,"supplementaries:ash":9,"minecraft:coal":16,"iceandfire:raw_silver":1,"minecraft:cobblestone":159},"minecraft:broken":{"minecraft:golden_pickaxe":1,"minecraft:wooden_axe":1},"minecraft:used":{"minecraft:flint_and_steel":10,"minecraft:stone_pickaxe":44,"minecraft:wooden_pickaxe":16,"minecraft:torch":15,"minecraft:golden_apple":1,"minecraft:dirt":17,"minecraft:crafting_table":4,"minecraft:golden_chestplate":1,"minecraft:obsidian":2,"minecraft:wooden_axe":37,"minecraft:iron_axe":6,"minecraft:iron_pickaxe":14,"minecraft:cobblestone":31,"minecraft:beef":4,"naturalist:cooked_duck":1,"minecraft:furnace":2,"minecraft:porkchop":5,"tombstone:gift":1,"alexsmobs:animal_dictionary":5,"minecraft:golden_pickaxe":151,"minecraft:iron_leggings":1},"minecraft:custom":{"minecraft:interact_with_furnace":11,"minecraft:mob_kills":11,"minecraft:interact_with_crafting_table":22,"minecraft:damage_dealt_resisted":14,"minecraft:time_since_death":28928,"minecraft:time_since_rest":28132,"minecraft:damage_absorbed":10,"minecraft:sprint_one_cm":113081,"minecraft:damage_taken":1257,"minecraft:walk_one_cm":118814,"minecraft:damage_dealt":1974,"minecraft:swim_one_cm":24077,"minecraft:fly_one_cm":187650,"minecraft:open_chest":1,"minecraft:crouch_one_cm":5655,"minecraft:deaths":4,"minecraft:play_time":44981,"tombstone:undead_killed":3,"minecraft:sneak_time":2431,"minecraft:walk_under_water_one_cm":1991,"minecraft:jump":900,"minecraft:walk_on_water_one_cm":6542,"minecraft:total_world_time":44981,"minecraft:fall_one_cm":15643},"minecraft:crafted":{"naturalist:cooked_duck":1,"minecraft:oak_planks":20,"minecraft:crafting_table":1,"ecologics:coconut_planks":4,"minecraft:wooden_pickaxe":1,"ecologics:walnut_planks":4,"minecraft:furnace":1,"minecraft:birch_planks":4,"minecraft:shield":1,"minecraft:iron_axe":1,"minecraft:stick":28,"minecraft:iron_ingot":15,"minecraft:iron_pickaxe":1,"minecraft:stone_pickaxe":1,"minecraft:wooden_axe":1,"minecraft:iron_leggings":1,"minecraft:torch":32},"minecraft:mined":{"iceandfire:silver_ore":1,"minecraft:crafting_table":4,"minecraft:torch":1,"quark:blossom_log":1,"luminousworld:grassvariant_2":2,"ecologics:coconut_log":2,"minecraft:sugar_cane":2,"luminousworld:groundpebbles_3":1,"minecraft:wall_torch":1,"supplementaries:urn":1,"placeablesmod:gold_apple_block":1,"minecraft:redstone_ore":8,"minecraft:furnace":2,"minecraft:iron_ore":11,"minecraft:fire":2,"minecraft:grass":7,"minecraft:oak_log":5,"minecraft:coal_ore":15,"luminousworld:ishstone":4,"minecraft:dirt":1,"luminousworld:grassvariant_3":1,"ecologics:walnut_log":1,"quark:crimson_chest":1,"minecraft:stone":163,"minecraft:gold_ore":4,"minecraft:oak_leaves":7}},"DataVersion":3465}