{"stats":{"minecraft:killed_by":{"born_in_chaos_v1:corpse_fly":2,"undead_revamp2:thespitter":1,"alexsmobs:crocodile":1,"iceandfire:ghost":1},"minecraft:killed":{"luminousworld:deer":1,"enemyexpansion:equestrian":1,"enemyexpansion:direwolf":1,"naturalist:duck":2,"born_in_chaos_v1:maggot":1,"minecraft:skeleton":1,"earthmobsmod:fancy_chicken":2,"ecologics:coconut_crab":2,"enemyexpansion:goblin":1,"minecraft:husk":1,"minecraft:pig":3,"earthmobsmod:cream_cow":2,"minecraft:pillager":3,"minecraft:zombie":4,"iceandfire:ghost":1,"ecologics:squirrel":1,"born_in_chaos_v1:corpse_fly":3},"minecraft:picked_up":{"quark:crimson_chest":1,"luminousworld:groundpebbles_1":1,"minecraft:iron_chestplate":1,"minecraft:crafting_table":4,"minecraft:chicken":1,"ecologics:seashell":1,"minecraft:wither_rose":1,"minecraft:gold_nugget":11,"minecraft:cobbled_deepslate":2,"minecraft:beef":1,"minecraft:player_head":2,"minecraft:poppy":1,"minecraft:sugar_cane":17,"ecologics:crab_claw":2,"minecraft:furnace":2,"minecraft:raw_iron":18,"naturalist:duck":1,"ecologics:walnut_log":1,"ecologics:coconut_slice":4,"minecraft:torch":9,"minecraft:porkchop":5,"tombstone:grave_dust":3,"minecraft:diorite":5,"minecraft:redstone":35,"minecraft:arrow":2,"minecraft:rotten_flesh":19,"minecraft:golden_hoe":1,"ecologics:coconut_log":2,"supplementaries:ash":9,"minecraft:skeleton_skull":2,"minecraft:cobblestone":197,"minecraft:birch_log":1,"born_in_chaos_v1:corpse_maggot":1,"minecraft:feather":2,"minecraft:cooked_beef":4,"luminousworld:ishstone":14,"minecraft:leather":1,"minecraft:oak_log":5,"minecraft:chainmail_chestplate":1,"minecraft:dirt":17,"minecraft:bone":3,"minecraft:wheat_seeds":2,"minecraft:raw_gold":4,"earthmobsmod:fancy_feather":4,"minecraft:cooked_chicken":2,"minecraft:oak_planks":7,"naturalist:duck_egg":1,"minecraft:golden_apple":1,"minecraft:bread":4,"minecraft:emerald":4,"tombstone:magic_scroll":1,"minecraft:coal":51,"iceandfire:raw_silver":1},"minecraft:broken":{"minecraft:golden_pickaxe":1,"minecraft:wooden_axe":1},"minecraft:used":{"minecraft:flint_and_steel":10,"minecraft:poppy":1,"minecraft:player_head":1,"minecraft:cooked_chicken":3,"minecraft:rotten_flesh":10,"minecraft:torch":40,"minecraft:dirt":17,"minecraft:golden_chestplate":1,"minecraft:obsidian":2,"born_in_chaos_v1:corpse_maggot":1,"minecraft:wooden_axe":37,"minecraft:iron_axe":92,"minecraft:iron_boots":1,"minecraft:beef":4,"minecraft:goat_horn":3,"minecraft:furnace":3,"tombstone:gift":1,"minecraft:cooked_beef":3,"minecraft:iron_leggings":1,"minecraft:stone_pickaxe":84,"minecraft:wooden_pickaxe":16,"minecraft:golden_apple":1,"minecraft:golden_hoe":2,"minecraft:crafting_table":5,"minecraft:chicken":1,"minecraft:bread":4,"minecraft:iron_pickaxe":132,"ecologics:coconut_slice":4,"minecraft:cobblestone":151,"naturalist:cooked_duck":1,"minecraft:porkchop":5,"alexsmobs:animal_dictionary":5,"minecraft:golden_pickaxe":151},"minecraft:custom":{"minecraft:mob_kills":31,"minecraft:interact_with_crafting_table":23,"minecraft:damage_dealt_resisted":14,"minecraft:eat_cake_slice":3,"minecraft:leave_game":1,"minecraft:time_since_death":13632,"minecraft:damage_resisted":132,"minecraft:sprint_one_cm":231306,"minecraft:walk_one_cm":260790,"minecraft:drop":20,"minecraft:play_time":104725,"minecraft:deaths":8,"minecraft:sneak_time":5163,"minecraft:walk_under_water_one_cm":14256,"minecraft:jump":1853,"minecraft:walk_on_water_one_cm":29874,"minecraft:total_world_time":104725,"minecraft:interact_with_furnace":19,"tombstone:raider_killed":3,"minecraft:time_since_rest":13183,"minecraft:damage_taken":3481,"minecraft:damage_absorbed":10,"minecraft:trigger_trapped_chest":2,"minecraft:damage_dealt":6264,"minecraft:swim_one_cm":45433,"minecraft:fly_one_cm":343048,"minecraft:open_chest":2,"minecraft:crouch_one_cm":12345,"tombstone:undead_killed":8,"minecraft:fall_one_cm":38787},"minecraft:dropped":{"iceandfire:raw_silver":1,"minecraft:wheat_seeds":1,"minecraft:feather":2,"minecraft:cobblestone":1,"ecologics:crab_claw":2,"tombstone:grave_dust":2,"minecraft:golden_chestplate":1,"minecraft:tuff":1,"minecraft:rotten_flesh":9,"minecraft:skeleton_skull":2,"luminousworld:groundpebbles_1":1,"ecologics:coconut_husk":4,"minecraft:stone_pickaxe":1,"minecraft:wooden_pickaxe":1,"ecologics:seashell":1},"minecraft:crafted":{"naturalist:cooked_duck":1,"minecraft:oak_planks":20,"ecologics:coconut_planks":4,"minecraft:cooked_chicken":1,"ecologics:walnut_planks":4,"minecraft:furnace":1,"minecraft:iron_boots":1,"minecraft:iron_axe":1,"minecraft:stone_pickaxe":1,"minecraft:crafting_table":1,"minecraft:wooden_pickaxe":1,"minecraft:birch_planks":4,"minecraft:shield":1,"minecraft:stick":28,"minecraft:iron_ingot":18,"minecraft:iron_pickaxe":1,"minecraft:wooden_axe":1,"minecraft:iron_leggings":1,"minecraft:torch":32},"minecraft:mined":{"iceandfire:silver_ore":1,"luminousworld:grassvariant_4":1,"born_in_chaos_v1:black_argillite":1,"luminousworld:grassvariant_2":4,"ecologics:coconut_log":3,"luminousworld:groundpebbles_3":1,"minecraft:redstone_ore":8,"minecraft:furnace":2,"minecraft:fire":2,"minecraft:iron_ore":11,"minecraft:cobbled_deepslate":2,"minecraft:andesite":20,"minecraft:vine":1,"minecraft:deepslate_iron_ore":3,"ecologics:walnut_log":1,"minecraft:stone":222,"minecraft:player_head":1,"minecraft:cake":1,"minecraft:player_wall_head":2,"minecraft:crafting_table":4,"minecraft:torch":1,"quark:blossom_log":1,"minecraft:copper_ore":1,"minecraft:cobblestone":3,"minecraft:oak_planks":2,"minecraft:sugar_cane":6,"minecraft:diorite":5,"minecraft:wall_torch":2,"minecraft:skeleton_skull":1,"supplementaries:urn":4,"placeablesmod:gold_apple_block":1,"minecraft:dark_oak_slab":1,"ecologics:seashell":1,"born_in_chaos_v1:river_mint":1,"minecraft:wither_rose":1,"minecraft:grass":17,"minecraft:coal_ore":51,"minecraft:oak_log":5,"luminousworld:ishstone":15,"minecraft:dirt":1,"luminousworld:grassvariant_3":3,"quark:crimson_chest":1,"minecraft:gold_ore":4,"minecraft:oak_leaves":7,"minecraft:deepslate":9}},"DataVersion":3465}