{"stats":{"minecraft:dropped":{"iceandfire:raw_silver":1,"minecraft:dark_oak_slab":16,"minecraft:lantern":1,"minecraft:leather":1,"minecraft:dirt":1,"minecraft:stone_button":1,"minecraft:golden_chestplate":1,"minecraft:cobbled_deepslate":2,"tombstone:gift":2,"minecraft:rotten_flesh":11,"minecraft:oak_planks":3,"minecraft:glowstone_dust":2,"supplementaries:flax_seeds":4,"minecraft:skeleton_skull":2,"minecraft:stone_brick_wall":2,"ecologics:coconut_husk":4,"minecraft:iron_bars":2,"minecraft:beef":2,"minecraft:wheat_seeds":2,"minecraft:oak_fence":1,"minecraft:feather":2,"minecraft:cobblestone":2,"ecologics:crab_claw":2,"minecraft:spruce_door":1,"minecraft:yellow_carpet":2,"minecraft:stick":76,"tombstone:grave_dust":6,"minecraft:iron_axe":2,"minecraft:chainmail_leggings":1,"minecraft:string":7,"minecraft:smooth_stone_slab":2,"minecraft:bowl":1,"minecraft:tuff":1,"luminousworld:auburnlog":1,"minecraft:lily_of_the_valley":4,"minecraft:flower_pot":5,"luminousworld:groundpebbles_1":1,"minecraft:oak_sapling":1,"minecraft:stone_bricks":11,"minecraft:stone_pickaxe":1,"minecraft:wooden_pickaxe":1,"ecologics:seashell":1},"minecraft:used":{"minecraft:poppy":1,"minecraft:iron_sword":124,"minecraft:bell":1,"minecraft:player_head":1,"minecraft:rotten_flesh":15,"minecraft:obsidian":2,"born_in_chaos_v1:corpse_maggot":5,"minecraft:lantern":3,"minecraft:iron_helmet":1,"minecraft:dark_oak_slab":50,"minecraft:stone_bricks":2,"minecraft:rabbit_stew":1,"minecraft:furnace":8,"minecraft:potato":6,"minecraft:stone_pickaxe":84,"minecraft:wooden_pickaxe":16,"minecraft:redstone_block":1,"minecraft:sugar_cane":18,"minecraft:golden_apple":1,"minecraft:golden_hoe":17,"minecraft:stone_brick_wall":2,"minecraft:bread":10,"minecraft:lectern":263,"ecologics:coconut_slice":4,"naturalist:cooked_duck":1,"minecraft:oak_boat":2,"minecraft:golden_pickaxe":151,"minecraft:cobweb":5,"minecraft:flint_and_steel":12,"minecraft:cooked_chicken":4,"minecraft:torch":40,"minecraft:dirt":17,"minecraft:golden_chestplate":1,"minecraft:wooden_axe":37,"minecraft:iron_axe":413,"minecraft:iron_boots":1,"minecraft:golden_carrot":4,"minecraft:beef":6,"minecraft:goat_horn":6,"tombstone:gift":2,"minecraft:cooked_beef":4,"minecraft:iron_leggings":1,"minecraft:water_bucket":26,"luminousworld:ishstone":15,"minecraft:fletching_table":4,"minecraft:crafting_table":7,"minecraft:white_bed":32,"minecraft:cod":5,"minecraft:smoker":2,"minecraft:oak_log":3,"minecraft:apple":7,"minecraft:chicken":1,"minecraft:iron_pickaxe":253,"quark:crimson_chest":2,"minecraft:stone_axe":157,"minecraft:enchanted_book":1,"minecraft:cobblestone":186,"minecraft:porkchop":5,"minecraft:bucket":27,"minecraft:yellow_bed":15,"alexsmobs:animal_dictionary":6},"minecraft:killed":{"minecraft:witch":1,"enemyexpansion:equestrian":1,"minecraft:skeleton":1,"ecologics:coconut_crab":2,"minecraft:pig":3,"minecraft:pillager":3,"luminousworld:savannah_skeleton":2,"minecraft:zombie":16,"born_in_chaos_v1:corpse_fly":8,"enemyexpansion:botfly":3,"minecraft:cow":2,"luminousworld:deer":1,"alexsmobs:raccoon":1,"enemyexpansion:direwolf":2,"naturalist:duck":2,"born_in_chaos_v1:zombie_bruiser":1,"born_in_chaos_v1:maggot":6,"minecraft:horse":1,"earthmobsmod:fancy_chicken":2,"enemyexpansion:goblin":1,"friendsandfoes:copper_golem":1,"minecraft:husk":1,"enemyexpansion:sprinter":1,"earthmobsmod:cream_cow":2,"iceandfire:ghost":3,"ecologics:squirrel":1,"minecraft:villager":1},"minecraft:crafted":{"naturalist:cooked_duck":1,"minecraft:oak_planks":168,"minecraft:cooked_chicken":17,"ecologics:walnut_planks":4,"minecraft:iron_boots":1,"minecraft:chest":1,"sophisticatedbackpacks:backpack":1,"minecraft:emerald":19,"minecraft:crafting_table":2,"minecraft:wooden_pickaxe":1,"minecraft:fletching_table":1,"minecraft:birch_planks":4,"minecraft:dark_oak_slab":48,"minecraft:shield":1,"quark:oak_chest":1,"minecraft:stick":620,"minecraft:iron_ingot":18,"minecraft:iron_pickaxe":1,"minecraft:gold_ingot":4,"minecraft:golden_carrot":4,"minecraft:rabbit_stew":10,"ecologics:coconut_planks":8,"minecraft:furnace":2,"minecraft:iron_axe":2,"minecraft:stone_pickaxe":1,"minecraft:dark_oak_planks":24,"minecraft:cooked_beef":1,"minecraft:iron_sword":1,"minecraft:bucket":1,"minecraft:stone_axe":2,"minecraft:enchanted_book":2,"minecraft:air":0,"minecraft:oak_boat":1,"minecraft:gold_nugget":63,"minecraft:wooden_axe":1,"minecraft:iron_leggings":1,"minecraft:torch":32},"minecraft:picked_up":{"minecraft:iron_chestplate":1,"minecraft:redstone_block":1,"minecraft:flower_pot":5,"minecraft:wither_rose":1,"minecraft:enchanted_book":1,"minecraft:string":39,"minecraft:smooth_stone_slab":2,"minecraft:armor_stand":1,"minecraft:experience_bottle":2,"minecraft:gold_nugget":11,"minecraft:cobbled_deepslate":2,"minecraft:coal_block":11,"ecologics:crab_claw":2,"minecraft:furnace":6,"minecraft:stick":5,"luminousworld:auburnlog":1,"ecologics:walnut_log":1,"minecraft:oak_fence":1,"minecraft:torch":9,"minecraft:porkchop":5,"minecraft:target":1,"minecraft:diorite":5,"tombstone:grave_dust":7,"minecraft:rotten_flesh":26,"artifacts:villager_hat":1,"ecologics:coconut_log":2,"supplementaries:ash":9,"minecraft:iron_bars":2,"minecraft:cobblestone":225,"minecraft:birch_log":1,"minecraft:feather":2,"minecraft:cooked_beef":4,"minecraft:smoker":3,"minecraft:dirt":18,"minecraft:lantern":10,"minecraft:bone":12,"minecraft:stonecutter":1,"minecraft:wheat_seeds":3,"minecraft:raw_gold":4,"minecraft:bell":1,"minecraft:fletching_table":3,"minecraft:glowstone_dust":2,"minecraft:oak_planks":8,"iceandfire:podium_spruce":2,"minecraft:lily_of_the_valley":4,"naturalist:duck_egg":1,"minecraft:yellow_carpet":2,"iceandfire:lectern":4,"minecraft:golden_apple":1,"minecraft:emerald":8,"minecraft:bread":4,"minecraft:oak_sapling":1,"iceandfire:raw_silver":1,"quark:crimson_chest":2,"luminousworld:groundpebbles_1":1,"minecraft:crafting_table":5,"minecraft:chicken":1,"ecologics:seashell":1,"minecraft:stone_brick_wall":4,"minecraft:iron_axe":1,"iceandfire:bestiary":4,"minecraft:cartography_table":2,"minecraft:beef":6,"minecraft:oak_boat":1,"minecraft:player_head":2,"minecraft:poppy":1,"minecraft:lectern":263,"minecraft:sugar_cane":18,"minecraft:raw_iron":18,"naturalist:duck":1,"ecologics:coconut_slice":4,"minecraft:stone_button":1,"minecraft:redstone":35,"minecraft:dark_oak_planks":2,"minecraft:arrow":2,"minecraft:golden_hoe":1,"minecraft:gold_ingot":2,"minecraft:skeleton_skull":2,"born_in_chaos_v1:corpse_maggot":9,"luminousworld:ishstone":15,"minecraft:leather":4,"minecraft:oak_log":87,"minecraft:chainmail_chestplate":1,"minecraft:yellow_bed":19,"tombstone:gift":2,"minecraft:stone_bricks":13,"earthmobsmod:fancy_feather":4,"minecraft:iron_ingot":3,"minecraft:cooked_chicken":2,"minecraft:gray_bed":2,"minecraft:book":165,"minecraft:oak_slab":6,"minecraft:dark_oak_slab":18,"minecraft:blast_furnace":1,"minecraft:white_bed":32,"minecraft:spruce_door":1,"minecraft:chainmail_leggings":1,"minecraft:painting":2,"tombstone:magic_scroll":1,"minecraft:coal":51},"minecraft:custom":{"minecraft:interact_with_crafting_table":100,"minecraft:open_barrel":3,"minecraft:bell_ring":20,"minecraft:eat_cake_slice":6,"minecraft:leave_game":3,"minecraft:time_since_death":101186,"minecraft:damage_resisted":132,"minecraft:sprint_one_cm":523466,"minecraft:drop":61,"minecraft:talked_to_villager":354,"minecraft:play_time":286140,"minecraft:deaths":12,"minecraft:jump":3300,"minecraft:walk_on_water_one_cm":55136,"minecraft:interact_with_furnace":36,"minecraft:traded_with_villager":33,"minecraft:sleep_in_bed":3,"minecraft:damage_dealt":11956,"minecraft:crouch_one_cm":23777,"tombstone:undead_killed":26,"tombstone:villager_killed":1,"minecraft:interact_with_smoker":1,"minecraft:mob_kills":70,"minecraft:damage_dealt_resisted":34,"minecraft:climb_one_cm":3368,"minecraft:walk_one_cm":751731,"minecraft:sneak_time":7696,"minecraft:walk_under_water_one_cm":14880,"minecraft:boat_one_cm":95040,"minecraft:total_world_time":286140,"tombstone:raider_killed":15,"minecraft:time_since_rest":99939,"minecraft:damage_taken":5352,"minecraft:damage_absorbed":10,"minecraft:trigger_trapped_chest":3,"minecraft:swim_one_cm":45433,"minecraft:fly_one_cm":581981,"minecraft:open_chest":42,"minecraft:fall_one_cm":65706},"minecraft:killed_by":{"born_in_chaos_v1:corpse_fly":3,"alexsmobs:crocodile":1,"undead_revamp2:thespitter":1,"enemyexpansion:botfly":1,"iceandfire:ghost":1,"born_in_chaos_v1:maggot":1},"minecraft:mined":{"minecraft:dark_oak_planks":2,"minecraft:white_bed":32,"minecraft:farmland":1,"minecraft:stone_brick_wall":10,"minecraft:yellow_carpet":1,"iceandfire:lectern":4,"minecraft:coal_block":11,"luminousworld:savanna_grass_2":1,"minecraft:cobbled_deepslate":2,"minecraft:iron_ore":11,"minecraft:fire":2,"minecraft:target":1,"minecraft:fletching_table":3,"minecraft:dirt_path":1,"minecraft:oak_stairs":1,"minecraft:iron_bars":8,"ecologics:walnut_log":1,"minecraft:player_head":1,"supplementaries:book_pile":1,"minecraft:player_wall_head":2,"minecraft:smoker":3,"minecraft:torch":1,"minecraft:blast_furnace":1,"minecraft:poppy":1,"quark:blossom_log":1,"minecraft:cobblestone":23,"minecraft:sugar_cane":7,"minecraft:oak_planks":5,"minecraft:wall_torch":2,"minecraft:skeleton_skull":1,"placeablesmod:gold_apple_block":1,"minecraft:dark_oak_slab":19,"ecologics:seashell":1,"minecraft:lilac":1,"born_in_chaos_v1:river_mint":1,"minecraft:wither_rose":1,"minecraft:stone_brick_stairs":1,"minecraft:smooth_stone_slab":2,"minecraft:grass":24,"minecraft:oak_log":89,"minecraft:dirt":1,"luminousworld:grassvariant_3":4,"minecraft:stonecutter":1,"minecraft:oak_leaves":14,"minecraft:deepslate":9,"iceandfire:silver_ore":1,"luminousworld:grassvariant_4":1,"born_in_chaos_v1:black_argillite":1,"luminousworld:grassvariant_2":5,"ecologics:coconut_log":3,"minecraft:cartography_table":2,"luminousworld:groundpebbles_3":1,"luminousworld:sunset_petunias":1,"minecraft:redstone_ore":8,"minecraft:furnace":6,"minecraft:andesite":20,"minecraft:bookshelf":55,"minecraft:deepslate_iron_ore":3,"minecraft:vine":1,"minecraft:stone":222,"iceandfire:podium_spruce":4,"minecraft:cake":1,"minecraft:redstone_block":1,"minecraft:glass_pane":2,"minecraft:potted_lily_of_the_valley":4,"minecraft:oak_fence":3,"minecraft:crafting_table":5,"minecraft:lectern":263,"minecraft:potted_oxeye_daisy":1,"minecraft:tall_grass":18,"minecraft:copper_ore":1,"minecraft:diorite":5,"supplementaries:urn":4,"minecraft:gray_bed":2,"minecraft:yellow_bed":21,"minecraft:coal_ore":51,"luminousworld:ishstone":17,"minecraft:cobweb":33,"quark:crimson_chest":2,"minecraft:stone_bricks":15,"minecraft:gold_ore":4},"minecraft:broken":{"minecraft:stone_axe":1,"minecraft:wooden_axe":1,"minecraft:iron_axe":1,"minecraft:golden_pickaxe":1}},"DataVersion":3465}