{"stats":{"minecraft:killed_by":{"alexsmobs:crocodile":1,"born_in_chaos_v1:corpse_fly":1,"undead_revamp2:thespitter":1},"minecraft:killed":{"luminousworld:deer":1,"minecraft:husk":1,"minecraft:pig":3,"enemyexpansion:equestrian":1,"earthmobsmod:cream_cow":2,"enemyexpansion:direwolf":1,"naturalist:duck":1,"born_in_chaos_v1:maggot":1,"minecraft:skeleton":1,"minecraft:zombie":4,"ecologics:coconut_crab":2,"enemyexpansion:goblin":1},"minecraft:picked_up":{"quark:crimson_chest":1,"minecraft:birch_log":1,"luminousworld:groundpebbles_1":1,"minecraft:crafting_table":4,"minecraft:feather":2,"minecraft:cooked_beef":1,"luminousworld:ishstone":14,"minecraft:leather":1,"ecologics:seashell":1,"minecraft:oak_log":5,"minecraft:dirt":17,"minecraft:bone":3,"minecraft:wheat_seeds":2,"minecraft:gold_nugget":11,"minecraft:cobbled_deepslate":2,"minecraft:raw_gold":4,"minecraft:beef":1,"minecraft:cooked_chicken":2,"minecraft:player_head":2,"minecraft:poppy":1,"minecraft:sugar_cane":17,"minecraft:oak_planks":7,"ecologics:crab_claw":2,"minecraft:furnace":2,"minecraft:raw_iron":18,"naturalist:duck":1,"ecologics:walnut_log":1,"ecologics:coconut_slice":4,"minecraft:torch":9,"minecraft:porkchop":5,"tombstone:grave_dust":3,"minecraft:diorite":5,"minecraft:redstone":35,"naturalist:duck_egg":1,"minecraft:arrow":2,"minecraft:rotten_flesh":9,"minecraft:golden_hoe":1,"ecologics:coconut_log":2,"minecraft:golden_apple":1,"minecraft:emerald":4,"minecraft:bread":4,"supplementaries:ash":9,"minecraft:coal":29,"iceandfire:raw_silver":1,"minecraft:cobblestone":191},"minecraft:broken":{"minecraft:golden_pickaxe":1,"minecraft:wooden_axe":1},"minecraft:used":{"minecraft:flint_and_steel":10,"minecraft:stone_pickaxe":84,"minecraft:poppy":1,"minecraft:wooden_pickaxe":16,"minecraft:player_head":1,"minecraft:cooked_chicken":2,"minecraft:torch":40,"minecraft:golden_apple":1,"minecraft:golden_hoe":2,"minecraft:dirt":17,"minecraft:crafting_table":5,"minecraft:golden_chestplate":1,"minecraft:obsidian":2,"minecraft:wooden_axe":37,"minecraft:bread":4,"minecraft:iron_axe":55,"minecraft:iron_pickaxe":100,"minecraft:iron_boots":1,"ecologics:coconut_slice":4,"minecraft:cobblestone":109,"minecraft:beef":4,"naturalist:cooked_duck":1,"minecraft:furnace":3,"minecraft:porkchop":5,"alexsmobs:animal_dictionary":5,"tombstone:gift":1,"minecraft:cooked_beef":1,"minecraft:golden_pickaxe":151,"minecraft:iron_leggings":1},"minecraft:custom":{"minecraft:interact_with_furnace":16,"minecraft:mob_kills":20,"minecraft:interact_with_crafting_table":23,"minecraft:damage_dealt_resisted":14,"minecraft:eat_cake_slice":3,"minecraft:leave_game":1,"minecraft:time_since_death":3515,"minecraft:damage_resisted":132,"minecraft:time_since_rest":3188,"minecraft:damage_absorbed":10,"minecraft:sprint_one_cm":161803,"minecraft:damage_taken":2702,"minecraft:walk_one_cm":209200,"minecraft:drop":12,"minecraft:damage_dealt":4224,"minecraft:swim_one_cm":36671,"minecraft:fly_one_cm":230296,"minecraft:open_chest":1,"minecraft:play_time":80725,"minecraft:crouch_one_cm":8619,"tombstone:undead_killed":7,"minecraft:deaths":6,"minecraft:sneak_time":3716,"minecraft:walk_under_water_one_cm":13224,"minecraft:jump":1372,"minecraft:walk_on_water_one_cm":25116,"minecraft:total_world_time":80725,"minecraft:fall_one_cm":22584},"minecraft:dropped":{"minecraft:wheat_seeds":1,"minecraft:feather":2,"minecraft:cobblestone":1,"luminousworld:groundpebbles_1":1,"ecologics:coconut_husk":4,"tombstone:grave_dust":2,"ecologics:seashell":1,"minecraft:wooden_pickaxe":1,"minecraft:stone_pickaxe":1},"minecraft:crafted":{"naturalist:cooked_duck":1,"minecraft:oak_planks":20,"minecraft:crafting_table":1,"ecologics:coconut_planks":4,"minecraft:wooden_pickaxe":1,"ecologics:walnut_planks":4,"minecraft:furnace":1,"minecraft:birch_planks":4,"minecraft:iron_boots":1,"minecraft:shield":1,"minecraft:iron_axe":1,"minecraft:stick":28,"minecraft:iron_ingot":18,"minecraft:iron_pickaxe":1,"minecraft:stone_pickaxe":1,"minecraft:wooden_axe":1,"minecraft:iron_leggings":1,"minecraft:torch":32},"minecraft:mined":{"iceandfire:silver_ore":1,"luminousworld:grassvariant_4":1,"minecraft:player_wall_head":2,"minecraft:crafting_table":4,"minecraft:torch":1,"born_in_chaos_v1:black_argillite":1,"quark:blossom_log":1,"luminousworld:grassvariant_2":4,"minecraft:copper_ore":1,"ecologics:coconut_log":3,"minecraft:sugar_cane":6,"minecraft:oak_planks":2,"minecraft:diorite":5,"luminousworld:groundpebbles_3":1,"minecraft:wall_torch":2,"supplementaries:urn":4,"placeablesmod:gold_apple_block":1,"minecraft:redstone_ore":8,"minecraft:furnace":2,"ecologics:seashell":1,"minecraft:cobbled_deepslate":2,"minecraft:iron_ore":11,"minecraft:fire":2,"minecraft:andesite":20,"born_in_chaos_v1:river_mint":1,"minecraft:grass":14,"minecraft:oak_log":5,"minecraft:coal_ore":28,"luminousworld:ishstone":15,"minecraft:deepslate_iron_ore":3,"minecraft:dirt":1,"luminousworld:grassvariant_3":2,"ecologics:walnut_log":1,"quark:crimson_chest":1,"minecraft:stone":219,"minecraft:player_head":1,"minecraft:gold_ore":4,"minecraft:cake":1,"minecraft:oak_leaves":7,"minecraft:deepslate":9}},"DataVersion":3465}