{"stats":{"minecraft:killed_by":{"alexsmobs:crocodile":1,"born_in_chaos_v1:corpse_fly":1,"undead_revamp2:thespitter":1},"minecraft:killed":{"luminousworld:deer":1,"minecraft:husk":1,"minecraft:pig":3,"enemyexpansion:equestrian":1,"earthmobsmod:cream_cow":2,"enemyexpansion:direwolf":1,"naturalist:duck":1,"born_in_chaos_v1:maggot":1,"minecraft:skeleton":1,"minecraft:zombie":4,"enemyexpansion:goblin":1},"minecraft:picked_up":{"quark:crimson_chest":1,"minecraft:birch_log":1,"luminousworld:groundpebbles_1":1,"minecraft:crafting_table":4,"minecraft:feather":2,"minecraft:cooked_beef":1,"luminousworld:ishstone":14,"minecraft:leather":1,"minecraft:oak_log":5,"minecraft:dirt":17,"minecraft:bone":3,"minecraft:wheat_seeds":2,"minecraft:gold_nugget":11,"minecraft:cobbled_deepslate":2,"minecraft:raw_gold":4,"minecraft:beef":1,"minecraft:cooked_chicken":2,"minecraft:sugar_cane":17,"minecraft:oak_planks":7,"minecraft:furnace":2,"minecraft:raw_iron":18,"naturalist:duck":1,"ecologics:walnut_log":1,"minecraft:torch":8,"minecraft:porkchop":5,"tombstone:grave_dust":1,"minecraft:redstone":35,"naturalist:duck_egg":1,"minecraft:arrow":2,"minecraft:rotten_flesh":9,"ecologics:coconut_log":1,"minecraft:golden_apple":1,"minecraft:emerald":4,"minecraft:bread":4,"supplementaries:ash":9,"minecraft:coal":16,"iceandfire:raw_silver":1,"minecraft:cobblestone":190},"minecraft:broken":{"minecraft:golden_pickaxe":1,"minecraft:wooden_axe":1},"minecraft:used":{"minecraft:flint_and_steel":10,"minecraft:stone_pickaxe":84,"minecraft:wooden_pickaxe":16,"minecraft:cooked_chicken":2,"minecraft:torch":37,"minecraft:golden_apple":1,"minecraft:dirt":17,"minecraft:crafting_table":4,"minecraft:golden_chestplate":1,"minecraft:obsidian":2,"minecraft:wooden_axe":37,"minecraft:bread":4,"minecraft:iron_axe":37,"minecraft:iron_pickaxe":81,"minecraft:cobblestone":79,"minecraft:beef":4,"naturalist:cooked_duck":1,"minecraft:furnace":2,"minecraft:porkchop":5,"alexsmobs:animal_dictionary":5,"tombstone:gift":1,"minecraft:cooked_beef":1,"minecraft:golden_pickaxe":151,"minecraft:iron_leggings":1},"minecraft:custom":{"minecraft:interact_with_furnace":11,"minecraft:mob_kills":17,"minecraft:interact_with_crafting_table":22,"minecraft:damage_dealt_resisted":14,"minecraft:leave_game":1,"minecraft:time_since_death":14890,"minecraft:damage_resisted":132,"minecraft:time_since_rest":14365,"minecraft:damage_absorbed":10,"minecraft:sprint_one_cm":134121,"minecraft:damage_taken":2158,"minecraft:walk_one_cm":179328,"minecraft:drop":5,"minecraft:damage_dealt":3611,"minecraft:swim_one_cm":36027,"minecraft:fly_one_cm":199870,"minecraft:open_chest":1,"minecraft:play_time":68725,"minecraft:crouch_one_cm":7614,"tombstone:undead_killed":7,"minecraft:deaths":5,"minecraft:sneak_time":3135,"minecraft:walk_under_water_one_cm":11825,"minecraft:jump":1190,"minecraft:walk_on_water_one_cm":23770,"minecraft:total_world_time":68725,"minecraft:fall_one_cm":18949},"minecraft:dropped":{"minecraft:wheat_seeds":1,"minecraft:feather":2,"luminousworld:groundpebbles_1":1,"minecraft:wooden_pickaxe":1,"minecraft:stone_pickaxe":1},"minecraft:crafted":{"naturalist:cooked_duck":1,"minecraft:oak_planks":20,"minecraft:crafting_table":1,"ecologics:coconut_planks":4,"minecraft:wooden_pickaxe":1,"ecologics:walnut_planks":4,"minecraft:furnace":1,"minecraft:birch_planks":4,"minecraft:shield":1,"minecraft:iron_axe":1,"minecraft:stick":28,"minecraft:iron_ingot":15,"minecraft:iron_pickaxe":1,"minecraft:stone_pickaxe":1,"minecraft:wooden_axe":1,"minecraft:iron_leggings":1,"minecraft:torch":32},"minecraft:mined":{"iceandfire:silver_ore":1,"luminousworld:grassvariant_4":1,"minecraft:crafting_table":4,"minecraft:torch":1,"born_in_chaos_v1:black_argillite":1,"quark:blossom_log":1,"luminousworld:grassvariant_2":4,"minecraft:copper_ore":1,"ecologics:coconut_log":2,"minecraft:sugar_cane":6,"minecraft:oak_planks":2,"luminousworld:groundpebbles_3":1,"minecraft:wall_torch":1,"supplementaries:urn":4,"placeablesmod:gold_apple_block":1,"minecraft:redstone_ore":8,"minecraft:furnace":2,"minecraft:cobbled_deepslate":2,"minecraft:iron_ore":11,"minecraft:fire":2,"minecraft:andesite":20,"born_in_chaos_v1:river_mint":1,"minecraft:grass":13,"minecraft:oak_log":5,"minecraft:coal_ore":15,"luminousworld:ishstone":15,"minecraft:deepslate_iron_ore":3,"minecraft:dirt":1,"luminousworld:grassvariant_3":1,"ecologics:walnut_log":1,"quark:crimson_chest":1,"minecraft:stone":219,"minecraft:gold_ore":4,"minecraft:oak_leaves":7,"minecraft:deepslate":9}},"DataVersion":3465}