{"stats":{"minecraft:killed_by":{"born_in_chaos_v1:corpse_fly":3,"undead_revamp2:thespitter":1,"alexsmobs:crocodile":1,"enemyexpansion:botfly":1,"iceandfire:ghost":1,"born_in_chaos_v1:maggot":1},"minecraft:killed":{"luminousworld:deer":1,"minecraft:witch":1,"enemyexpansion:equestrian":1,"born_in_chaos_v1:zombie_bruiser":1,"enemyexpansion:direwolf":1,"naturalist:duck":2,"born_in_chaos_v1:maggot":6,"minecraft:skeleton":1,"minecraft:horse":1,"earthmobsmod:fancy_chicken":2,"ecologics:coconut_crab":2,"enemyexpansion:goblin":1,"friendsandfoes:copper_golem":1,"minecraft:husk":1,"minecraft:pig":3,"enemyexpansion:sprinter":1,"earthmobsmod:cream_cow":2,"minecraft:pillager":3,"luminousworld:savannah_skeleton":2,"minecraft:zombie":16,"ecologics:squirrel":1,"iceandfire:ghost":3,"enemyexpansion:botfly":3,"born_in_chaos_v1:corpse_fly":7,"minecraft:cow":2},"minecraft:picked_up":{"luminousworld:groundpebbles_1":1,"minecraft:crafting_table":5,"minecraft:iron_chestplate":1,"minecraft:redstone_block":1,"minecraft:chicken":1,"minecraft:flower_pot":1,"ecologics:seashell":1,"minecraft:stone_brick_wall":2,"minecraft:wither_rose":1,"minecraft:string":39,"minecraft:iron_axe":1,"minecraft:smooth_stone_slab":2,"minecraft:armor_stand":1,"minecraft:experience_bottle":2,"iceandfire:bestiary":2,"minecraft:cartography_table":2,"minecraft:gold_nugget":11,"minecraft:cobbled_deepslate":2,"minecraft:beef":6,"minecraft:player_head":2,"minecraft:lectern":2,"minecraft:poppy":1,"minecraft:coal_block":8,"minecraft:sugar_cane":17,"ecologics:crab_claw":2,"minecraft:furnace":6,"minecraft:stick":5,"minecraft:raw_iron":18,"naturalist:duck":1,"ecologics:walnut_log":1,"ecologics:coconut_slice":4,"minecraft:oak_fence":1,"minecraft:torch":9,"minecraft:porkchop":5,"minecraft:target":1,"tombstone:grave_dust":7,"minecraft:diorite":5,"minecraft:redstone":35,"minecraft:arrow":2,"minecraft:rotten_flesh":24,"artifacts:villager_hat":1,"minecraft:golden_hoe":1,"ecologics:coconut_log":2,"supplementaries:ash":9,"minecraft:iron_bars":2,"minecraft:skeleton_skull":2,"minecraft:cobblestone":197,"minecraft:birch_log":1,"born_in_chaos_v1:corpse_maggot":9,"minecraft:feather":2,"minecraft:cooked_beef":4,"luminousworld:ishstone":14,"minecraft:leather":3,"minecraft:smoker":3,"minecraft:oak_log":10,"minecraft:chainmail_chestplate":1,"minecraft:yellow_bed":19,"minecraft:dirt":17,"minecraft:lantern":2,"tombstone:gift":1,"minecraft:bone":3,"minecraft:stone_bricks":11,"minecraft:wheat_seeds":3,"minecraft:raw_gold":4,"minecraft:bell":1,"earthmobsmod:fancy_feather":4,"minecraft:cooked_chicken":2,"minecraft:fletching_table":1,"minecraft:glowstone_dust":2,"minecraft:gray_bed":2,"minecraft:oak_planks":7,"minecraft:book":63,"iceandfire:podium_spruce":2,"minecraft:blast_furnace":1,"minecraft:white_bed":31,"naturalist:duck_egg":1,"minecraft:yellow_carpet":2,"iceandfire:lectern":2,"minecraft:chainmail_leggings":1,"minecraft:painting":2,"minecraft:golden_apple":1,"minecraft:emerald":7,"minecraft:bread":4,"minecraft:oak_sapling":1,"tombstone:magic_scroll":1,"minecraft:coal":51,"iceandfire:raw_silver":1,"quark:crimson_chest":2},"minecraft:broken":{"minecraft:golden_pickaxe":1,"minecraft:wooden_axe":1},"minecraft:used":{"minecraft:flint_and_steel":10,"minecraft:poppy":1,"minecraft:iron_sword":118,"minecraft:bell":1,"minecraft:cooked_chicken":3,"minecraft:rotten_flesh":15,"minecraft:player_head":1,"minecraft:torch":40,"minecraft:dirt":17,"minecraft:golden_chestplate":1,"minecraft:obsidian":2,"born_in_chaos_v1:corpse_maggot":5,"minecraft:wooden_axe":37,"minecraft:lantern":1,"minecraft:iron_axe":164,"minecraft:iron_helmet":1,"minecraft:iron_boots":1,"minecraft:golden_carrot":4,"minecraft:beef":6,"minecraft:goat_horn":6,"minecraft:furnace":8,"tombstone:gift":1,"minecraft:cooked_beef":4,"minecraft:iron_leggings":1,"minecraft:stone_pickaxe":84,"minecraft:wooden_pickaxe":16,"minecraft:redstone_block":1,"luminousworld:ishstone":14,"minecraft:fletching_table":1,"minecraft:golden_apple":1,"minecraft:golden_hoe":2,"minecraft:crafting_table":7,"minecraft:white_bed":29,"minecraft:stone_brick_wall":1,"minecraft:cod":5,"minecraft:smoker":1,"minecraft:oak_log":3,"minecraft:chicken":1,"minecraft:iron_pickaxe":220,"minecraft:bread":10,"quark:crimson_chest":2,"ecologics:coconut_slice":4,"minecraft:cobblestone":170,"naturalist:cooked_duck":1,"minecraft:porkchop":5,"minecraft:bucket":1,"minecraft:yellow_bed":15,"alexsmobs:animal_dictionary":6,"minecraft:golden_pickaxe":151,"minecraft:cobweb":5},"minecraft:custom":{"minecraft:mob_kills":66,"minecraft:interact_with_crafting_table":83,"minecraft:open_barrel":3,"minecraft:bell_ring":14,"minecraft:damage_dealt_resisted":34,"minecraft:eat_cake_slice":6,"minecraft:leave_game":2,"minecraft:time_since_death":55,"minecraft:climb_one_cm":2929,"minecraft:damage_resisted":132,"minecraft:sprint_one_cm":438911,"minecraft:walk_one_cm":509035,"minecraft:drop":39,"minecraft:talked_to_villager":6,"minecraft:play_time":185009,"minecraft:sneak_time":6447,"minecraft:deaths":12,"minecraft:walk_under_water_one_cm":14256,"minecraft:jump":2804,"minecraft:walk_on_water_one_cm":31844,"minecraft:total_world_time":185009,"minecraft:interact_with_furnace":34,"tombstone:raider_killed":15,"minecraft:sleep_in_bed":3,"minecraft:time_since_rest":1,"minecraft:damage_taken":5217,"minecraft:damage_absorbed":10,"minecraft:trigger_trapped_chest":3,"minecraft:damage_dealt":11564,"minecraft:swim_one_cm":45433,"minecraft:fly_one_cm":495819,"minecraft:open_chest":29,"minecraft:crouch_one_cm":15505,"tombstone:undead_killed":26,"minecraft:interact_with_smoker":1,"minecraft:fall_one_cm":56432},"minecraft:dropped":{"iceandfire:raw_silver":1,"minecraft:wheat_seeds":1,"minecraft:oak_fence":1,"minecraft:feather":2,"minecraft:cobblestone":1,"minecraft:lantern":1,"ecologics:crab_claw":2,"minecraft:yellow_carpet":2,"minecraft:stick":15,"tombstone:grave_dust":4,"minecraft:iron_axe":2,"minecraft:chainmail_leggings":1,"minecraft:string":7,"minecraft:golden_chestplate":1,"minecraft:cobbled_deepslate":2,"minecraft:smooth_stone_slab":2,"minecraft:tuff":1,"tombstone:gift":1,"minecraft:rotten_flesh":9,"minecraft:oak_planks":3,"minecraft:glowstone_dust":2,"minecraft:skeleton_skull":2,"luminousworld:groundpebbles_1":1,"ecologics:coconut_husk":4,"minecraft:iron_bars":2,"minecraft:wooden_pickaxe":1,"minecraft:beef":2,"minecraft:stone_pickaxe":1,"ecologics:seashell":1},"minecraft:crafted":{"minecraft:golden_carrot":4,"naturalist:cooked_duck":1,"minecraft:oak_planks":28,"ecologics:coconut_planks":8,"ecologics:walnut_planks":4,"minecraft:cooked_chicken":1,"minecraft:furnace":2,"minecraft:iron_boots":1,"minecraft:iron_axe":1,"minecraft:stone_pickaxe":1,"minecraft:chest":1,"minecraft:cooked_beef":1,"sophisticatedbackpacks:backpack":1,"minecraft:crafting_table":2,"minecraft:wooden_pickaxe":1,"minecraft:iron_sword":1,"minecraft:bucket":1,"minecraft:birch_planks":4,"minecraft:gold_nugget":36,"minecraft:shield":1,"minecraft:stick":36,"quark:oak_chest":1,"minecraft:iron_ingot":18,"minecraft:iron_pickaxe":1,"minecraft:wooden_axe":1,"minecraft:iron_leggings":1,"minecraft:gold_ingot":4,"minecraft:torch":32},"minecraft:mined":{"minecraft:white_bed":31,"iceandfire:silver_ore":1,"luminousworld:grassvariant_4":1,"minecraft:stone_brick_wall":8,"minecraft:yellow_carpet":1,"born_in_chaos_v1:black_argillite":1,"iceandfire:lectern":2,"luminousworld:grassvariant_2":5,"minecraft:coal_block":8,"ecologics:coconut_log":3,"minecraft:cartography_table":2,"luminousworld:groundpebbles_3":1,"luminousworld:savanna_grass_2":1,"luminousworld:sunset_petunias":1,"minecraft:redstone_ore":8,"minecraft:furnace":6,"minecraft:iron_ore":11,"minecraft:cobbled_deepslate":2,"minecraft:fire":2,"minecraft:target":1,"minecraft:andesite":20,"minecraft:fletching_table":1,"minecraft:bookshelf":21,"minecraft:oak_stairs":1,"minecraft:deepslate_iron_ore":3,"minecraft:vine":1,"minecraft:iron_bars":8,"ecologics:walnut_log":1,"minecraft:stone":222,"iceandfire:podium_spruce":2,"minecraft:player_head":1,"minecraft:cake":1,"minecraft:redstone_block":1,"minecraft:glass_pane":1,"minecraft:player_wall_head":2,"minecraft:smoker":3,"minecraft:oak_fence":3,"minecraft:crafting_table":5,"minecraft:torch":1,"minecraft:blast_furnace":1,"minecraft:poppy":1,"minecraft:lectern":2,"quark:blossom_log":1,"minecraft:potted_oxeye_daisy":1,"minecraft:tall_grass":15,"minecraft:copper_ore":1,"minecraft:cobblestone":3,"minecraft:sugar_cane":6,"minecraft:oak_planks":4,"minecraft:diorite":5,"minecraft:wall_torch":2,"supplementaries:urn":4,"minecraft:skeleton_skull":1,"placeablesmod:gold_apple_block":1,"minecraft:dark_oak_slab":1,"ecologics:seashell":1,"minecraft:lilac":1,"minecraft:gray_bed":2,"minecraft:stone_brick_stairs":1,"born_in_chaos_v1:river_mint":1,"minecraft:yellow_bed":21,"minecraft:wither_rose":1,"minecraft:smooth_stone_slab":2,"minecraft:grass":24,"minecraft:oak_log":10,"minecraft:coal_ore":51,"luminousworld:ishstone":15,"minecraft:dirt":1,"luminousworld:grassvariant_3":4,"minecraft:cobweb":33,"quark:crimson_chest":2,"minecraft:stone_bricks":13,"minecraft:gold_ore":4,"minecraft:oak_leaves":13,"minecraft:deepslate":9}},"DataVersion":3465}