{"stats":{"minecraft:killed_by":{"alexsmobs:crocodile":1,"born_in_chaos_v1:corpse_fly":1,"undead_revamp2:thespitter":1},"minecraft:killed":{"luminousworld:deer":1,"minecraft:pig":3,"enemyexpansion:equestrian":1,"earthmobsmod:cream_cow":2,"naturalist:duck":1,"born_in_chaos_v1:maggot":1},"minecraft:picked_up":{"quark:crimson_chest":1,"minecraft:birch_log":1,"luminousworld:groundpebbles_1":1,"minecraft:crafting_table":1,"minecraft:feather":2,"luminousworld:ishstone":4,"minecraft:leather":1,"minecraft:oak_log":5,"minecraft:dirt":17,"minecraft:bone":2,"minecraft:wheat_seeds":1,"minecraft:beef":1,"minecraft:sugar_cane":6,"minecraft:raw_iron":11,"naturalist:duck":1,"ecologics:walnut_log":1,"minecraft:porkchop":5,"tombstone:grave_dust":1,"naturalist:duck_egg":1,"minecraft:rotten_flesh":4,"ecologics:coconut_log":1,"minecraft:golden_apple":1,"supplementaries:ash":1,"minecraft:coal":4,"minecraft:cobblestone":155},"minecraft:broken":{"minecraft:golden_pickaxe":1},"minecraft:used":{"minecraft:flint_and_steel":7,"minecraft:stone_pickaxe":14,"minecraft:wooden_pickaxe":16,"minecraft:golden_apple":1,"minecraft:dirt":8,"minecraft:crafting_table":2,"minecraft:golden_chestplate":1,"minecraft:obsidian":2,"minecraft:wooden_axe":36,"minecraft:beef":4,"minecraft:furnace":1,"minecraft:porkchop":5,"tombstone:gift":1,"alexsmobs:animal_dictionary":5,"minecraft:golden_pickaxe":151,"minecraft:iron_leggings":1},"minecraft:custom":{"minecraft:interact_with_furnace":6,"minecraft:mob_kills":9,"minecraft:interact_with_crafting_table":12,"minecraft:damage_dealt_resisted":14,"minecraft:time_since_death":16928,"minecraft:time_since_rest":16132,"minecraft:sprint_one_cm":98510,"minecraft:damage_taken":1161,"minecraft:walk_one_cm":83883,"minecraft:damage_dealt":1576,"minecraft:swim_one_cm":24077,"minecraft:fly_one_cm":181191,"minecraft:open_chest":1,"minecraft:crouch_one_cm":3025,"minecraft:deaths":4,"minecraft:play_time":32981,"tombstone:undead_killed":1,"minecraft:sneak_time":997,"minecraft:walk_under_water_one_cm":637,"minecraft:jump":699,"minecraft:walk_on_water_one_cm":5554,"minecraft:total_world_time":32981,"minecraft:fall_one_cm":13409},"minecraft:crafted":{"naturalist:cooked_duck":1,"minecraft:oak_planks":20,"minecraft:crafting_table":1,"minecraft:wooden_pickaxe":1,"ecologics:walnut_planks":4,"minecraft:furnace":1,"minecraft:stick":28,"minecraft:iron_ingot":7,"minecraft:stone_pickaxe":1,"minecraft:wooden_axe":1,"minecraft:iron_leggings":1},"minecraft:mined":{"minecraft:crafting_table":1,"quark:blossom_log":1,"luminousworld:grassvariant_2":2,"ecologics:coconut_log":2,"minecraft:sugar_cane":2,"luminousworld:groundpebbles_3":1,"placeablesmod:gold_apple_block":1,"minecraft:iron_ore":7,"minecraft:fire":2,"minecraft:grass":7,"minecraft:oak_log":5,"minecraft:coal_ore":3,"luminousworld:ishstone":4,"minecraft:dirt":1,"luminousworld:grassvariant_3":1,"ecologics:walnut_log":1,"quark:crimson_chest":1,"minecraft:stone":159,"minecraft:oak_leaves":7}},"DataVersion":3465}