{"stats":{"minecraft:killed_by":{"born_in_chaos_v1:corpse_fly":2,"undead_revamp2:thespitter":1,"alexsmobs:crocodile":1,"iceandfire:ghost":1},"minecraft:killed":{"luminousworld:deer":1,"enemyexpansion:equestrian":1,"enemyexpansion:direwolf":1,"naturalist:duck":2,"born_in_chaos_v1:maggot":1,"minecraft:horse":1,"minecraft:skeleton":1,"earthmobsmod:fancy_chicken":2,"ecologics:coconut_crab":2,"enemyexpansion:goblin":1,"friendsandfoes:copper_golem":1,"minecraft:husk":1,"minecraft:pig":3,"earthmobsmod:cream_cow":2,"minecraft:pillager":3,"luminousworld:savannah_skeleton":2,"minecraft:zombie":4,"iceandfire:ghost":3,"ecologics:squirrel":1,"born_in_chaos_v1:corpse_fly":3,"minecraft:cow":2},"minecraft:picked_up":{"quark:crimson_chest":2,"luminousworld:groundpebbles_1":1,"minecraft:iron_chestplate":1,"minecraft:crafting_table":5,"minecraft:redstone_block":1,"minecraft:chicken":1,"ecologics:seashell":1,"minecraft:wither_rose":1,"minecraft:iron_axe":1,"minecraft:string":4,"minecraft:gold_nugget":11,"minecraft:cobbled_deepslate":2,"minecraft:beef":6,"minecraft:player_head":2,"minecraft:poppy":1,"minecraft:sugar_cane":17,"ecologics:crab_claw":2,"minecraft:furnace":6,"minecraft:stick":5,"minecraft:raw_iron":18,"naturalist:duck":1,"ecologics:walnut_log":1,"ecologics:coconut_slice":4,"minecraft:oak_fence":1,"minecraft:torch":9,"minecraft:porkchop":5,"tombstone:grave_dust":3,"minecraft:diorite":5,"minecraft:redstone":35,"minecraft:arrow":2,"minecraft:rotten_flesh":19,"artifacts:villager_hat":1,"minecraft:golden_hoe":1,"ecologics:coconut_log":2,"supplementaries:ash":9,"minecraft:skeleton_skull":2,"minecraft:cobblestone":197,"minecraft:birch_log":1,"born_in_chaos_v1:corpse_maggot":1,"minecraft:feather":2,"minecraft:cooked_beef":4,"luminousworld:ishstone":14,"minecraft:leather":3,"minecraft:oak_log":9,"minecraft:chainmail_chestplate":1,"minecraft:dirt":17,"minecraft:lantern":1,"minecraft:bone":3,"minecraft:stone_bricks":9,"minecraft:wheat_seeds":2,"minecraft:raw_gold":4,"earthmobsmod:fancy_feather":4,"minecraft:cooked_chicken":2,"minecraft:oak_planks":7,"minecraft:book":27,"minecraft:white_bed":12,"naturalist:duck_egg":1,"minecraft:golden_apple":1,"minecraft:bread":4,"minecraft:emerald":4,"tombstone:magic_scroll":1,"minecraft:coal":51,"iceandfire:raw_silver":1},"minecraft:broken":{"minecraft:golden_pickaxe":1,"minecraft:wooden_axe":1},"minecraft:used":{"minecraft:flint_and_steel":10,"minecraft:poppy":1,"minecraft:iron_sword":9,"minecraft:player_head":1,"minecraft:cooked_chicken":3,"minecraft:rotten_flesh":10,"minecraft:torch":40,"minecraft:dirt":17,"minecraft:golden_chestplate":1,"minecraft:obsidian":2,"born_in_chaos_v1:corpse_maggot":1,"minecraft:wooden_axe":37,"minecraft:iron_axe":146,"minecraft:iron_boots":1,"minecraft:golden_carrot":4,"minecraft:beef":6,"minecraft:goat_horn":6,"minecraft:furnace":8,"tombstone:gift":1,"minecraft:cooked_beef":4,"minecraft:iron_leggings":1,"minecraft:stone_pickaxe":84,"minecraft:wooden_pickaxe":16,"minecraft:redstone_block":1,"minecraft:golden_apple":1,"minecraft:golden_hoe":2,"minecraft:crafting_table":6,"minecraft:white_bed":12,"minecraft:chicken":1,"minecraft:bread":4,"minecraft:iron_pickaxe":147,"quark:crimson_chest":1,"ecologics:coconut_slice":4,"minecraft:cobblestone":154,"naturalist:cooked_duck":1,"minecraft:porkchop":5,"alexsmobs:animal_dictionary":6,"minecraft:golden_pickaxe":151,"minecraft:cobweb":4},"minecraft:custom":{"minecraft:mob_kills":39,"minecraft:interact_with_crafting_table":80,"minecraft:open_barrel":1,"minecraft:damage_dealt_resisted":14,"minecraft:eat_cake_slice":3,"minecraft:leave_game":2,"minecraft:time_since_death":48805,"minecraft:climb_one_cm":1550,"minecraft:damage_resisted":132,"minecraft:sprint_one_cm":304400,"minecraft:walk_one_cm":340334,"minecraft:drop":27,"minecraft:talked_to_villager":5,"minecraft:play_time":139898,"minecraft:deaths":8,"minecraft:sneak_time":5371,"minecraft:walk_under_water_one_cm":14256,"minecraft:jump":2220,"minecraft:walk_on_water_one_cm":30395,"minecraft:total_world_time":139898,"minecraft:interact_with_furnace":28,"tombstone:raider_killed":3,"minecraft:time_since_rest":48356,"minecraft:damage_taken":3927,"minecraft:damage_absorbed":10,"minecraft:trigger_trapped_chest":3,"minecraft:damage_dealt":8024,"minecraft:swim_one_cm":45433,"minecraft:fly_one_cm":405645,"minecraft:open_chest":13,"minecraft:crouch_one_cm":13107,"tombstone:undead_killed":12,"minecraft:fall_one_cm":46010},"minecraft:dropped":{"iceandfire:raw_silver":1,"minecraft:wheat_seeds":1,"minecraft:oak_fence":1,"minecraft:feather":2,"minecraft:cobblestone":1,"minecraft:lantern":1,"ecologics:crab_claw":2,"minecraft:stick":10,"tombstone:grave_dust":2,"minecraft:iron_axe":1,"minecraft:golden_chestplate":1,"minecraft:cobbled_deepslate":2,"minecraft:tuff":1,"minecraft:rotten_flesh":9,"minecraft:skeleton_skull":2,"luminousworld:groundpebbles_1":1,"ecologics:coconut_husk":4,"minecraft:beef":2,"minecraft:stone_pickaxe":1,"minecraft:wooden_pickaxe":1,"ecologics:seashell":1},"minecraft:crafted":{"naturalist:cooked_duck":1,"minecraft:oak_planks":28,"ecologics:coconut_planks":8,"minecraft:cooked_chicken":1,"ecologics:walnut_planks":4,"minecraft:furnace":2,"minecraft:iron_boots":1,"minecraft:iron_axe":1,"minecraft:stone_pickaxe":1,"minecraft:chest":1,"minecraft:cooked_beef":1,"sophisticatedbackpacks:backpack":1,"minecraft:crafting_table":2,"minecraft:wooden_pickaxe":1,"minecraft:iron_sword":1,"minecraft:birch_planks":4,"minecraft:gold_nugget":36,"minecraft:shield":1,"minecraft:stick":36,"quark:oak_chest":1,"minecraft:iron_ingot":18,"minecraft:iron_pickaxe":1,"minecraft:wooden_axe":1,"minecraft:gold_ingot":4,"minecraft:iron_leggings":1,"minecraft:torch":32,"minecraft:golden_carrot":4},"minecraft:mined":{"minecraft:white_bed":12,"iceandfire:silver_ore":1,"luminousworld:grassvariant_4":1,"born_in_chaos_v1:black_argillite":1,"luminousworld:grassvariant_2":4,"ecologics:coconut_log":3,"luminousworld:groundpebbles_3":1,"minecraft:redstone_ore":8,"minecraft:furnace":6,"minecraft:fire":2,"minecraft:iron_ore":11,"minecraft:cobbled_deepslate":2,"minecraft:andesite":20,"minecraft:bookshelf":9,"minecraft:vine":1,"minecraft:deepslate_iron_ore":3,"ecologics:walnut_log":1,"minecraft:stone":222,"minecraft:player_head":1,"minecraft:cake":1,"minecraft:redstone_block":1,"minecraft:player_wall_head":2,"minecraft:oak_fence":2,"minecraft:crafting_table":5,"minecraft:torch":1,"quark:blossom_log":1,"minecraft:tall_grass":2,"minecraft:copper_ore":1,"minecraft:cobblestone":3,"minecraft:oak_planks":4,"minecraft:sugar_cane":6,"minecraft:diorite":5,"minecraft:wall_torch":2,"minecraft:skeleton_skull":1,"supplementaries:urn":4,"placeablesmod:gold_apple_block":1,"minecraft:dark_oak_slab":1,"ecologics:seashell":1,"born_in_chaos_v1:river_mint":1,"minecraft:wither_rose":1,"minecraft:grass":17,"minecraft:coal_ore":51,"minecraft:oak_log":9,"luminousworld:ishstone":15,"minecraft:dirt":1,"luminousworld:grassvariant_3":3,"minecraft:cobweb":4,"minecraft:stone_bricks":10,"quark:crimson_chest":2,"minecraft:gold_ore":4,"minecraft:oak_leaves":7,"minecraft:deepslate":9}},"DataVersion":3465}