{"stats":{"minecraft:killed_by":{"alexsmobs:crocodile":1,"born_in_chaos_v1:corpse_fly":1,"undead_revamp2:thespitter":1},"minecraft:killed":{"luminousworld:deer":1,"minecraft:pig":3,"enemyexpansion:equestrian":1,"earthmobsmod:cream_cow":2,"naturalist:duck":1,"born_in_chaos_v1:maggot":1,"minecraft:skeleton":1,"minecraft:zombie":4},"minecraft:picked_up":{"quark:crimson_chest":1,"minecraft:birch_log":1,"luminousworld:groundpebbles_1":1,"minecraft:crafting_table":4,"minecraft:feather":2,"minecraft:cooked_beef":1,"luminousworld:ishstone":4,"minecraft:leather":1,"minecraft:oak_log":5,"minecraft:dirt":17,"minecraft:bone":3,"minecraft:wheat_seeds":1,"minecraft:gold_nugget":11,"minecraft:raw_gold":4,"minecraft:beef":1,"minecraft:cooked_chicken":1,"minecraft:sugar_cane":6,"minecraft:furnace":2,"minecraft:raw_iron":18,"naturalist:duck":1,"ecologics:walnut_log":1,"minecraft:torch":8,"minecraft:porkchop":5,"tombstone:grave_dust":1,"minecraft:redstone":35,"naturalist:duck_egg":1,"minecraft:arrow":2,"minecraft:rotten_flesh":9,"ecologics:coconut_log":1,"minecraft:golden_apple":1,"minecraft:emerald":4,"minecraft:bread":4,"supplementaries:ash":9,"minecraft:coal":16,"iceandfire:raw_silver":1,"minecraft:cobblestone":164},"minecraft:broken":{"minecraft:golden_pickaxe":1,"minecraft:wooden_axe":1},"minecraft:used":{"minecraft:flint_and_steel":10,"minecraft:stone_pickaxe":48,"minecraft:wooden_pickaxe":16,"minecraft:cooked_chicken":1,"minecraft:torch":32,"minecraft:golden_apple":1,"minecraft:dirt":17,"minecraft:crafting_table":4,"minecraft:golden_chestplate":1,"minecraft:obsidian":2,"minecraft:wooden_axe":37,"minecraft:bread":1,"minecraft:iron_axe":21,"minecraft:iron_pickaxe":31,"minecraft:cobblestone":51,"minecraft:beef":4,"naturalist:cooked_duck":1,"minecraft:furnace":2,"minecraft:porkchop":5,"alexsmobs:animal_dictionary":5,"tombstone:gift":1,"minecraft:cooked_beef":1,"minecraft:golden_pickaxe":151,"minecraft:iron_leggings":1},"minecraft:custom":{"minecraft:interact_with_furnace":11,"minecraft:mob_kills":14,"minecraft:interact_with_crafting_table":22,"minecraft:damage_dealt_resisted":14,"minecraft:leave_game":1,"minecraft:time_since_death":2890,"minecraft:damage_resisted":132,"minecraft:time_since_rest":2365,"minecraft:damage_absorbed":10,"minecraft:sprint_one_cm":116300,"minecraft:damage_taken":1863,"minecraft:walk_one_cm":154226,"minecraft:drop":3,"minecraft:damage_dealt":2921,"minecraft:swim_one_cm":24077,"minecraft:fly_one_cm":189142,"minecraft:open_chest":1,"minecraft:play_time":56725,"minecraft:crouch_one_cm":6645,"tombstone:undead_killed":6,"minecraft:deaths":5,"minecraft:sneak_time":2850,"minecraft:walk_under_water_one_cm":2560,"minecraft:jump":1048,"minecraft:walk_on_water_one_cm":11016,"minecraft:total_world_time":56725,"minecraft:fall_one_cm":16585},"minecraft:dropped":{"minecraft:wheat_seeds":1,"minecraft:feather":2,"luminousworld:groundpebbles_1":1},"minecraft:crafted":{"naturalist:cooked_duck":1,"minecraft:oak_planks":20,"minecraft:crafting_table":1,"ecologics:coconut_planks":4,"minecraft:wooden_pickaxe":1,"ecologics:walnut_planks":4,"minecraft:furnace":1,"minecraft:birch_planks":4,"minecraft:shield":1,"minecraft:iron_axe":1,"minecraft:stick":28,"minecraft:iron_ingot":15,"minecraft:iron_pickaxe":1,"minecraft:stone_pickaxe":1,"minecraft:wooden_axe":1,"minecraft:iron_leggings":1,"minecraft:torch":32},"minecraft:mined":{"iceandfire:silver_ore":1,"minecraft:crafting_table":4,"minecraft:torch":1,"born_in_chaos_v1:black_argillite":1,"quark:blossom_log":1,"luminousworld:grassvariant_2":2,"ecologics:coconut_log":2,"minecraft:sugar_cane":2,"minecraft:oak_planks":2,"luminousworld:groundpebbles_3":1,"minecraft:wall_torch":1,"supplementaries:urn":4,"placeablesmod:gold_apple_block":1,"minecraft:redstone_ore":8,"minecraft:furnace":2,"minecraft:iron_ore":11,"minecraft:fire":2,"minecraft:grass":7,"minecraft:oak_log":5,"minecraft:coal_ore":15,"luminousworld:ishstone":4,"minecraft:deepslate_iron_ore":3,"minecraft:dirt":1,"luminousworld:grassvariant_3":1,"ecologics:walnut_log":1,"quark:crimson_chest":1,"minecraft:stone":170,"minecraft:gold_ore":4,"minecraft:oak_leaves":7,"minecraft:deepslate":9}},"DataVersion":3465}