{"stats":{"minecraft:killed_by":{"born_in_chaos_v1:corpse_fly":1,"alexsmobs:crocodile":1},"minecraft:mined":{"minecraft:oak_log":5,"ecologics:walnut_log":1},"minecraft:custom":{"minecraft:time_since_rest":1458,"minecraft:crouch_one_cm":98,"minecraft:play_time":5496,"minecraft:sprint_one_cm":24178,"minecraft:walk_one_cm":25247,"minecraft:damage_taken":516,"minecraft:deaths":2,"minecraft:sneak_time":23,"minecraft:mob_kills":1,"minecraft:jump":130,"minecraft:damage_dealt":293,"minecraft:time_since_death":1916,"minecraft:total_world_time":5496,"minecraft:fall_one_cm":2357,"minecraft:fly_one_cm":30582},"minecraft:crafted":{"ecologics:walnut_planks":4},"minecraft:picked_up":{"minecraft:bone":2,"ecologics:walnut_log":1,"minecraft:rotten_flesh":3,"minecraft:oak_log":5,"tombstone:grave_dust":1,"supplementaries:ash":1,"minecraft:dirt":17},"minecraft:killed":{"earthmobsmod:cream_cow":1},"minecraft:used":{"minecraft:dirt":1,"alexsmobs:animal_dictionary":5}},"DataVersion":3465}