{"stats":{"minecraft:killed":{"alexsmobs:seagull":1,"earthmobsmod:wooly_cow":6,"minecraft:sheep":1,"minecraft:zombie":2,"minecraft:chicken":2},"minecraft:picked_up":{"minecraft:birch_log":4,"minecraft:crafting_table":4,"minecraft:feather":2,"minecraft:chicken":4,"minecraft:leather":3,"minecraft:brown_wool":6,"minecraft:oak_log":6,"minecraft:dirt":7,"minecraft:string":2,"minecraft:raw_copper":6,"minecraft:cobbled_deepslate":103,"minecraft:beef":12,"minecraft:light_gray_wool":1,"minecraft:oak_planks":17,"minecraft:furnace":2,"minecraft:raw_iron":8,"ecologics:coconut_slice":4,"minecraft:torch":1,"minecraft:iron_horse_armor":1,"alexsmobs:animal_dictionary":1,"ecologics:coconut_log":6,"minecraft:gray_wool":1,"tombstone:magic_scroll":1,"minecraft:mutton":5,"minecraft:white_wool":1,"minecraft:cobblestone":38},"minecraft:used":{"minecraft:stone_sword":28,"minecraft:stone_pickaxe":124,"minecraft:oak_planks":14,"minecraft:wooden_pickaxe":17,"minecraft:torch":1,"minecraft:crafting_table":4,"minecraft:string":1,"minecraft:stone_axe":16,"ecologics:coconut_slice":3,"minecraft:cobblestone":19,"minecraft:furnace":2,"alexsmobs:animal_dictionary":3,"minecraft:cooked_beef":6},"minecraft:custom":{"minecraft:interact_with_furnace":20,"minecraft:mob_kills":12,"minecraft:interact_with_crafting_table":10,"minecraft:leave_game":4,"minecraft:time_since_death":10769,"minecraft:time_since_rest":10217,"minecraft:sprint_one_cm":79450,"minecraft:damage_taken":680,"minecraft:walk_one_cm":95515,"tombstone:sneak_grave":4,"minecraft:drop":6,"minecraft:damage_dealt":1120,"tombstone:cast_on_ally":1,"minecraft:swim_one_cm":2846,"minecraft:fly_one_cm":261894,"minecraft:crouch_one_cm":6250,"minecraft:play_time":66900,"tombstone:undead_killed":2,"minecraft:deaths":1,"minecraft:sneak_time":1814,"minecraft:walk_under_water_one_cm":1112,"minecraft:jump":756,"minecraft:walk_on_water_one_cm":7888,"minecraft:total_world_time":66900,"minecraft:fall_one_cm":18750},"minecraft:dropped":{"minecraft:cooked_beef":5,"alexsmobs:animal_dictionary":1,"minecraft:cooked_mutton":3,"minecraft:stone_pickaxe":2},"minecraft:crafted":{"minecraft:cooked_beef":12,"minecraft:oak_planks":24,"minecraft:crafting_table":1,"ecologics:coconut_planks":24,"minecraft:wooden_pickaxe":1,"minecraft:cooked_chicken":3,"minecraft:furnace":1,"minecraft:birch_planks":16,"minecraft:stone_axe":1,"minecraft:cooked_mutton":5,"minecraft:air":0,"minecraft:stick":12,"minecraft:stone_pickaxe":2,"minecraft:stone_sword":1},"minecraft:mined":{"minecraft:tuff":1,"luminousworld:grassvariant_4":1,"minecraft:crafting_table":4,"minecraft:grass_block":2,"luminousworld:grassvariant_2":1,"minecraft:tall_grass":1,"ecologics:coconut_log":6,"minecraft:furnace":2,"minecraft:birch_log":5,"minecraft:iron_ore":4,"minecraft:grass":1,"minecraft:oak_log":6,"minecraft:dirt":5,"luminousworld:grassvariant_3":2,"minecraft:stone":38,"minecraft:tripwire":1,"minecraft:deepslate":95}},"DataVersion":3465}