{"stats":{"minecraft:killed":{"alexsmobs:seagull":1,"earthmobsmod:wooly_cow":6},"minecraft:picked_up":{"minecraft:birch_log":4,"minecraft:crafting_table":2,"minecraft:raw_iron":4,"minecraft:feather":1,"minecraft:brown_wool":6,"minecraft:leather":3,"minecraft:dirt":7,"alexsmobs:animal_dictionary":1,"ecologics:coconut_log":6,"minecraft:beef":12,"minecraft:cobblestone":38},"minecraft:used":{"minecraft:stone_sword":16,"minecraft:stone_pickaxe":25,"minecraft:wooden_pickaxe":17,"minecraft:stone_axe":7,"minecraft:cobblestone":19,"minecraft:crafting_table":3,"minecraft:furnace":1,"alexsmobs:animal_dictionary":3,"minecraft:cooked_beef":2},"minecraft:custom":{"minecraft:time_since_rest":42900,"minecraft:interact_with_furnace":3,"minecraft:sprint_one_cm":30485,"minecraft:damage_taken":160,"minecraft:walk_one_cm":44877,"minecraft:mob_kills":7,"minecraft:drop":1,"minecraft:damage_dealt":784,"minecraft:interact_with_crafting_table":7,"minecraft:swim_one_cm":560,"minecraft:fly_one_cm":175550,"minecraft:crouch_one_cm":3024,"minecraft:play_time":42900,"minecraft:sneak_time":967,"minecraft:walk_under_water_one_cm":588,"minecraft:jump":290,"minecraft:leave_game":4,"minecraft:time_since_death":42900,"minecraft:walk_on_water_one_cm":1132,"minecraft:total_world_time":42900,"minecraft:fall_one_cm":5457},"minecraft:dropped":{"alexsmobs:animal_dictionary":1},"minecraft:crafted":{"minecraft:cooked_beef":4,"minecraft:crafting_table":1,"ecologics:coconut_planks":24,"minecraft:stick":12,"minecraft:wooden_pickaxe":1,"minecraft:stone_pickaxe":1,"minecraft:stone_sword":1,"minecraft:furnace":1,"minecraft:birch_planks":16,"minecraft:stone_axe":1,"minecraft:air":0},"minecraft:mined":{"luminousworld:grassvariant_4":1,"minecraft:birch_log":5,"minecraft:iron_ore":4,"minecraft:crafting_table":2,"minecraft:grass_block":2,"minecraft:dirt":5,"luminousworld:grassvariant_3":1,"ecologics:coconut_log":6,"minecraft:stone":38}},"DataVersion":3465}