{"stats":{"minecraft:killed":{"minecraft:pig":1,"alexsmobs:seagull":1,"earthmobsmod:wooly_cow":6,"minecraft:sheep":1,"minecraft:zombie":2,"minecraft:chicken":2},"minecraft:picked_up":{"minecraft:birch_log":4,"minecraft:crafting_table":5,"minecraft:feather":2,"minecraft:chicken":4,"minecraft:andesite":13,"ecologics:coconut_planks":7,"minecraft:leather":3,"minecraft:brown_wool":6,"minecraft:oak_log":6,"minecraft:dirt":7,"minecraft:string":2,"minecraft:raw_copper":12,"minecraft:cobbled_deepslate":103,"minecraft:stone_pickaxe":1,"minecraft:beef":12,"minecraft:light_gray_wool":1,"minecraft:oak_planks":24,"minecraft:furnace":3,"minecraft:raw_iron":8,"luminousworld:auburnlog":1,"ecologics:coconut_slice":4,"minecraft:torch":1,"minecraft:gravel":2,"minecraft:porkchop":3,"minecraft:sand":3,"minecraft:iron_horse_armor":1,"alexsmobs:animal_dictionary":1,"ecologics:coconut_log":6,"minecraft:gray_wool":1,"minecraft:oak_sapling":1,"tombstone:magic_scroll":1,"minecraft:mutton":5,"minecraft:white_wool":1,"minecraft:cobblestone":86},"minecraft:broken":{"minecraft:wooden_pickaxe":1},"minecraft:custom":{"minecraft:interact_with_furnace":23,"minecraft:mob_kills":13,"minecraft:interact_with_crafting_table":12,"minecraft:leave_game":4,"minecraft:time_since_death":22769,"minecraft:time_since_rest":22217,"minecraft:sprint_one_cm":100487,"minecraft:damage_taken":875,"minecraft:walk_one_cm":117380,"tombstone:sneak_grave":4,"minecraft:drop":7,"minecraft:damage_dealt":1550,"tombstone:cast_on_ally":1,"minecraft:swim_one_cm":7757,"minecraft:fly_one_cm":302846,"minecraft:crouch_one_cm":7086,"minecraft:play_time":78900,"tombstone:undead_killed":2,"minecraft:deaths":1,"minecraft:sneak_time":2003,"minecraft:walk_under_water_one_cm":4710,"minecraft:jump":1015,"minecraft:walk_on_water_one_cm":13036,"minecraft:total_world_time":78900,"minecraft:fall_one_cm":23503},"minecraft:used":{"minecraft:cooked_mutton":2,"minecraft:stone_sword":38,"minecraft:stone_pickaxe":138,"minecraft:oak_planks":14,"minecraft:wooden_pickaxe":59,"minecraft:cooked_chicken":1,"minecraft:torch":1,"minecraft:crafting_table":5,"minecraft:string":1,"minecraft:stone_axe":20,"ecologics:coconut_slice":3,"minecraft:cobblestone":30,"minecraft:furnace":3,"alexsmobs:animal_dictionary":3,"minecraft:cooked_beef":6,"minecraft:cobbled_deepslate":4},"minecraft:dropped":{"minecraft:cooked_chicken":1,"minecraft:cooked_beef":5,"alexsmobs:animal_dictionary":1,"minecraft:cooked_mutton":3,"minecraft:stone_pickaxe":2},"minecraft:crafted":{"minecraft:cooked_beef":12,"minecraft:oak_planks":24,"minecraft:cooked_porkchop":3,"minecraft:crafting_table":1,"ecologics:coconut_planks":24,"minecraft:wooden_pickaxe":1,"minecraft:cooked_chicken":3,"minecraft:furnace":1,"minecraft:birch_planks":16,"minecraft:stone_axe":1,"minecraft:cooked_mutton":5,"minecraft:air":0,"minecraft:stick":12,"minecraft:stone_pickaxe":2,"minecraft:stone_sword":1},"minecraft:mined":{"minecraft:tuff":1,"luminousworld:grassvariant_4":1,"minecraft:crafting_table":5,"minecraft:grass_block":2,"luminousworld:grassvariant_2":1,"minecraft:tall_grass":1,"ecologics:coconut_log":6,"minecraft:furnace":3,"minecraft:birch_log":5,"minecraft:iron_ore":4,"minecraft:andesite":3,"minecraft:grass":4,"minecraft:oak_log":6,"minecraft:sand":3,"minecraft:gravel":2,"minecraft:dirt":5,"luminousworld:grassvariant_3":2,"minecraft:stone":85,"minecraft:cake":1,"minecraft:oak_leaves":4,"minecraft:tripwire":1,"minecraft:deepslate":95}},"DataVersion":3465}