{"stats":{"minecraft:killed_by":{"undead_revamp2:the_moonflower":1,"iceandfire:ghost":1},"minecraft:killed":{"luminousworld:deer":2,"earthmobsmod:duck":3,"minecraft:pig":2,"alexsmobs:seagull":1,"naturalist:duck":3,"earthmobsmod:wooly_cow":6,"minecraft:sheep":1,"minecraft:zombie":2,"minecraft:chicken":2,"earthmobsmod:fancy_chicken":3,"minecraft:cow":4,"naturalist:sparrow":1},"minecraft:picked_up":{"minecraft:birch_log":4,"minecraft:crafting_table":5,"minecraft:feather":10,"minecraft:chicken":11,"minecraft:andesite":13,"ecologics:coconut_planks":23,"minecraft:leather":9,"minecraft:brown_wool":6,"minecraft:oak_log":6,"luminousworld:raw_venison":1,"minecraft:dirt":7,"minecraft:string":8,"minecraft:raw_copper":12,"minecraft:cobbled_deepslate":103,"earthmobsmod:fancy_feather":3,"minecraft:stone_pickaxe":1,"minecraft:beef":17,"minecraft:player_head":3,"minecraft:poppy":1,"minecraft:light_gray_wool":1,"minecraft:oak_planks":24,"minecraft:furnace":5,"naturalist:duck":3,"minecraft:raw_iron":8,"luminousworld:auburnlog":1,"ecologics:coconut_slice":17,"minecraft:torch":1,"minecraft:gravel":2,"minecraft:porkchop":5,"minecraft:sand":3,"ecologics:coconut_husk":4,"minecraft:iron_horse_armor":1,"alexsmobs:animal_dictionary":1,"ecologics:coconut_log":6,"minecraft:gray_wool":1,"minecraft:coal":3,"minecraft:oak_sapling":1,"tombstone:magic_scroll":1,"minecraft:mutton":5,"minecraft:white_wool":1,"minecraft:cobblestone":90},"minecraft:broken":{"minecraft:wooden_pickaxe":1},"minecraft:custom":{"minecraft:interact_with_furnace":32,"minecraft:mob_kills":30,"minecraft:interact_with_crafting_table":12,"minecraft:leave_game":4,"minecraft:time_since_death":3193,"minecraft:time_since_rest":2544,"minecraft:sprint_one_cm":161458,"minecraft:damage_taken":1565,"minecraft:walk_one_cm":157190,"tombstone:sneak_grave":4,"minecraft:trigger_trapped_chest":2,"minecraft:drop":15,"minecraft:damage_dealt":3359,"tombstone:cast_on_ally":1,"minecraft:swim_one_cm":7757,"minecraft:fly_one_cm":453030,"minecraft:crouch_one_cm":9352,"minecraft:play_time":102900,"tombstone:undead_killed":2,"minecraft:deaths":3,"minecraft:sneak_time":2463,"minecraft:walk_under_water_one_cm":4710,"minecraft:jump":1592,"minecraft:walk_on_water_one_cm":13780,"minecraft:total_world_time":102900,"minecraft:fall_one_cm":41373},"minecraft:used":{"minecraft:cooked_mutton":2,"minecraft:stone_sword":82,"minecraft:stone_pickaxe":144,"minecraft:oak_planks":14,"minecraft:wooden_pickaxe":59,"minecraft:player_head":2,"minecraft:cooked_chicken":3,"minecraft:torch":1,"minecraft:crafting_table":5,"minecraft:string":1,"minecraft:stone_axe":30,"ecologics:coconut_slice":11,"minecraft:cobblestone":32,"minecraft:furnace":5,"tombstone:gift":6,"alexsmobs:animal_dictionary":3,"minecraft:cooked_beef":6,"minecraft:cobbled_deepslate":4},"minecraft:dropped":{"minecraft:cooked_chicken":1,"minecraft:cooked_beef":5,"alexsmobs:animal_dictionary":1,"ecologics:coconut_slice":5,"minecraft:cooked_porkchop":1,"minecraft:cooked_mutton":3,"minecraft:poppy":1,"minecraft:dirt":7,"minecraft:gray_wool":1,"minecraft:stone_pickaxe":2,"minecraft:white_wool":1,"minecraft:bone":1},"minecraft:crafted":{"minecraft:cooked_beef":12,"minecraft:oak_planks":24,"minecraft:cooked_porkchop":3,"minecraft:crafting_table":1,"ecologics:coconut_planks":24,"minecraft:wooden_pickaxe":1,"minecraft:cooked_chicken":6,"minecraft:furnace":1,"minecraft:birch_planks":16,"minecraft:stone_axe":1,"minecraft:cooked_mutton":5,"minecraft:air":0,"minecraft:stick":12,"minecraft:stone_pickaxe":2,"minecraft:stone_sword":1},"minecraft:mined":{"minecraft:tuff":1,"luminousworld:grassvariant_4":1,"minecraft:crafting_table":5,"minecraft:grass_block":2,"minecraft:poppy":1,"luminousworld:grassvariant_2":2,"minecraft:cobblestone":3,"minecraft:tall_grass":3,"ecologics:coconut_log":6,"minecraft:spawner":1,"minecraft:furnace":5,"minecraft:birch_log":5,"minecraft:iron_ore":4,"minecraft:andesite":3,"minecraft:grass":8,"minecraft:oak_log":6,"minecraft:sand":3,"minecraft:gravel":2,"minecraft:dirt":5,"minecraft:cobweb":6,"luminousworld:grassvariant_3":2,"minecraft:player_head":1,"minecraft:stone":85,"minecraft:cake":1,"minecraft:oak_leaves":4,"minecraft:tripwire":1,"minecraft:deepslate":95}},"DataVersion":3465}