{"stats":{"minecraft:killed_by":{"undead_revamp2:the_moonflower":1,"alexsmobs:bison":1,"iceandfire:ghost":1},"minecraft:dropped":{"minecraft:iron_ingot":9,"minecraft:bread":100,"minecraft:oak_slab":6,"minecraft:wheat_seeds":1,"minecraft:cooked_beef":9,"minecraft:diamond":1,"ecologics:coconut_slice":5,"minecraft:cooked_porkchop":1,"minecraft:cobblestone":41,"minecraft:leather":4,"minecraft:copper_ingot":1,"minecraft:spruce_door":1,"minecraft:rail":6,"minecraft:stick":1,"minecraft:dirt":8,"minecraft:gray_wool":1,"luminousworld:raw_venison":1,"tombstone:grave_dust":6,"minecraft:sand":3,"naturalist:cooked_duck":2,"minecraft:string":5,"minecraft:white_wool":2,"quark:oak_chest":1,"minecraft:bone":10,"minecraft:gravel":2,"minecraft:cooked_chicken":1,"alexsmobs:animal_dictionary":1,"minecraft:cobbled_deepslate":21,"minecraft:raw_copper":12,"minecraft:tuff":21,"luminousworld:auburnlog":1,"minecraft:rotten_flesh":2,"artifacts:villager_hat":1,"minecraft:light_gray_wool":1,"minecraft:oak_planks":12,"minecraft:cooked_mutton":3,"minecraft:poppy":1,"minecraft:skeleton_skull":1,"minecraft:andesite":13,"minecraft:oak_sapling":1,"ecologics:coconut_husk":15,"minecraft:stone_pickaxe":4},"minecraft:custom":{"minecraft:mob_kills":51,"minecraft:animals_bred":8,"minecraft:interact_with_crafting_table":40,"minecraft:open_barrel":2,"minecraft:bell_ring":67,"minecraft:leave_game":8,"minecraft:time_since_death":172137,"minecraft:climb_one_cm":8341,"minecraft:sprint_one_cm":473700,"minecraft:walk_one_cm":404511,"minecraft:drop":81,"minecraft:talked_to_villager":32,"minecraft:play_time":280753,"minecraft:deaths":4,"minecraft:sneak_time":6032,"minecraft:walk_under_water_one_cm":9215,"minecraft:jump":4177,"minecraft:walk_on_water_one_cm":21893,"minecraft:total_world_time":280753,"minecraft:interact_with_furnace":64,"minecraft:traded_with_villager":7,"minecraft:time_since_rest":171868,"minecraft:damage_taken":3227,"tombstone:sneak_grave":4,"minecraft:trigger_trapped_chest":2,"minecraft:damage_dealt":6433,"tombstone:cast_on_ally":1,"minecraft:swim_one_cm":37391,"minecraft:fly_one_cm":1050022,"minecraft:open_chest":21,"minecraft:crouch_one_cm":20966,"tombstone:undead_killed":7,"minecraft:fall_one_cm":108635},"minecraft:mined":{"minecraft:tuff":22,"minecraft:white_bed":3,"minecraft:dark_oak_leaves":1,"luminousworld:grassvariant_4":1,"minecraft:dark_oak_log":2,"minecraft:dark_oak_fence":2,"minecraft:grass_block":2,"luminousworld:grassvariant_2":3,"ecologics:coconut_log":6,"minecraft:composter":1,"minecraft:spawner":1,"minecraft:hay_block":67,"minecraft:oak_trapdoor":1,"minecraft:furnace":10,"minecraft:iron_ore":39,"minecraft:fire":2,"minecraft:cobbled_deepslate":3,"minecraft:andesite":3,"treechop:chopped_log":26,"minecraft:deepslate_lapis_ore":4,"minecraft:fletching_table":2,"minecraft:bookshelf":37,"minecraft:deepslate_iron_ore":7,"minecraft:rail":6,"minecraft:lantern":1,"minecraft:iron_block":1,"minecraft:stone":92,"minecraft:tripwire":1,"minecraft:player_head":1,"minecraft:cake":1,"minecraft:deepslate_redstone_ore":6,"minecraft:scaffolding":1,"minecraft:spruce_door":1,"minecraft:crafting_table":8,"minecraft:poppy":1,"ecologics:walnut_leaves":4,"minecraft:white_stained_glass_pane":1,"minecraft:lectern":11,"minecraft:tall_grass":3,"minecraft:cobblestone":9,"minecraft:deepslate_gold_ore":14,"minecraft:wall_torch":2,"minecraft:amethyst_block":1,"supplementaries:urn":6,"ecologics:seashell":1,"minecraft:birch_log":5,"minecraft:yellow_bed":2,"minecraft:grass":13,"minecraft:oak_log":35,"minecraft:coal_ore":20,"minecraft:zombie_head":1,"minecraft:gravel":2,"minecraft:sand":3,"minecraft:dirt":5,"luminousworld:grassvariant_3":2,"minecraft:cobweb":22,"minecraft:stone_bricks":1,"minecraft:oak_leaves":4,"minecraft:deepslate":213},"minecraft:crafted":{"naturalist:cooked_duck":3,"minecraft:oak_planks":176,"ecologics:coconut_planks":24,"minecraft:cooked_chicken":6,"minecraft:furnace":3,"minecraft:cooked_mutton":5,"minecraft:oak_trapdoor":6,"sophisticatedbackpacks:smelting_upgrade":1,"minecraft:iron_axe":1,"minecraft:stone_pickaxe":4,"minecraft:chest":1,"minecraft:dark_oak_planks":240,"sophisticatedbackpacks:iron_backpack":1,"minecraft:wheat":594,"minecraft:cooked_beef":23,"minecraft:oak_slab":12,"minecraft:emerald":7,"sophisticatedbackpacks:backpack":1,"minecraft:cooked_porkchop":4,"minecraft:crafting_table":2,"minecraft:wooden_pickaxe":1,"sophisticatedbackpacks:gold_backpack":1,"minecraft:birch_planks":16,"minecraft:stone_axe":1,"sophisticatedbackpacks:upgrade_base":1,"minecraft:bread":191,"minecraft:air":0,"minecraft:stick":748,"quark:oak_chest":1,"minecraft:iron_ingot":22,"minecraft:iron_pickaxe":1,"minecraft:stone_sword":2,"minecraft:gold_ingot":14,"minecraft:torch":48},"minecraft:broken":{"minecraft:stone_sword":1,"minecraft:wooden_pickaxe":1,"minecraft:stone_pickaxe":1,"minecraft:stone_axe":1},"minecraft:picked_up":{"minecraft:iron_chestplate":1,"minecraft:crafting_table":7,"minecraft:chicken":11,"ecologics:seashell":1,"minecraft:enchanted_book":1,"minecraft:amethyst_block":1,"minecraft:string":25,"minecraft:oak_trapdoor":1,"minecraft:raw_copper":16,"minecraft:zombie_head":1,"ecologics:walnut_sapling":3,"minecraft:gold_nugget":24,"minecraft:cobbled_deepslate":231,"minecraft:beef":35,"minecraft:player_head":3,"minecraft:poppy":1,"minecraft:iron_pickaxe":1,"minecraft:light_gray_wool":1,"minecraft:lectern":11,"ecologics:crab_claw":1,"minecraft:furnace":9,"minecraft:dark_oak_sapling":6,"minecraft:stick":10,"minecraft:raw_iron":51,"luminousworld:auburnlog":1,"naturalist:duck":3,"ecologics:walnut_log":3,"ecologics:coconut_slice":17,"minecraft:copper_ingot":1,"minecraft:torch":5,"luminousworld:savannah_soil":16,"minecraft:porkchop":6,"tombstone:grave_dust":7,"minecraft:redstone":28,"minecraft:iron_horse_armor":1,"minecraft:rotten_flesh":7,"minecraft:hay_block":66,"ecologics:coconut_log":6,"minecraft:iron_block":1,"supplementaries:ash":3,"minecraft:mutton":7,"minecraft:rail":6,"minecraft:skeleton_skull":1,"minecraft:white_wool":2,"minecraft:cobblestone":113,"minecraft:birch_log":4,"ecologics:walnut":6,"minecraft:feather":10,"minecraft:cooked_beef":1,"minecraft:andesite":13,"ecologics:coconut_planks":28,"minecraft:brown_wool":6,"minecraft:leather":16,"minecraft:tuff":21,"minecraft:oak_log":50,"luminousworld:raw_venison":1,"minecraft:yellow_bed":2,"minecraft:gunpowder":2,"minecraft:lapis_lazuli":27,"minecraft:dirt":8,"minecraft:lantern":7,"tombstone:gift":1,"minecraft:bone":9,"minecraft:stone_bricks":1,"minecraft:wheat_seeds":1,"minecraft:raw_gold":14,"earthmobsmod:fancy_feather":3,"minecraft:stone_pickaxe":1,"minecraft:fletching_table":2,"minecraft:oak_planks":45,"minecraft:book":111,"minecraft:scaffolding":1,"minecraft:gravel":2,"minecraft:sand":3,"ecologics:coconut_husk":4,"minecraft:white_bed":3,"minecraft:dark_oak_log":60,"minecraft:spruce_door":1,"alexsmobs:animal_dictionary":1,"minecraft:diamond":1,"minecraft:gray_wool":1,"tombstone:magic_scroll":1,"minecraft:oak_sapling":1,"minecraft:coal":36},"minecraft:killed":{"luminousworld:deer":2,"earthmobsmod:duck":3,"enemyexpansion:intruder":1,"alexsmobs:seagull":1,"naturalist:duck":3,"enemyexpansion:silverqueen":1,"minecraft:chicken":2,"earthmobsmod:fancy_chicken":3,"minecraft:silverfish":2,"friendsandfoes:copper_golem":1,"minecraft:pig":3,"undead_revamp2:the_moonflower":1,"earthmobsmod:cream_cow":4,"earthmobsmod:wooly_cow":6,"minecraft:sheep":2,"minecraft:zombie":6,"naturalist:sparrow":1,"minecraft:cow":8},"minecraft:used":{"minecraft:oak_trapdoor":4,"minecraft:stone_sword":168,"ecologics:coconut_planks":1,"minecraft:cooked_chicken":4,"minecraft:player_head":2,"minecraft:torch":53,"minecraft:chainmail_chestplate":1,"ecologics:seashell":1,"minecraft:iron_axe":85,"minecraft:gunpowder":2,"supplementaries:ash":3,"minecraft:scaffolding":1,"minecraft:furnace":11,"ecologics:walnut":2,"tombstone:gift":8,"minecraft:cooked_beef":13,"minecraft:cobbled_deepslate":72,"minecraft:dark_oak_sapling":6,"minecraft:cooked_mutton":2,"minecraft:oak_planks":14,"minecraft:stone_pickaxe":293,"minecraft:wooden_pickaxe":59,"minecraft:fletching_table":2,"minecraft:crafting_table":9,"minecraft:white_bed":2,"minecraft:string":1,"minecraft:bread":26,"minecraft:iron_pickaxe":112,"minecraft:lectern":11,"ecologics:coconut_slice":11,"minecraft:stone_axe":116,"minecraft:cobblestone":47,"naturalist:cooked_duck":1,"minecraft:yellow_bed":2,"alexsmobs:animal_dictionary":3,"minecraft:cobweb":4}},"DataVersion":3465}