{"stats":{"minecraft:killed":{"minecraft:sheep":1,"minecraft:chicken":2,"alexsmobs:seagull":1,"earthmobsmod:wooly_cow":6},"minecraft:picked_up":{"minecraft:birch_log":4,"minecraft:crafting_table":3,"minecraft:raw_iron":4,"minecraft:feather":2,"minecraft:chicken":4,"ecologics:coconut_slice":4,"minecraft:brown_wool":6,"minecraft:leather":3,"minecraft:oak_log":6,"minecraft:string":1,"minecraft:dirt":7,"alexsmobs:animal_dictionary":1,"ecologics:coconut_log":6,"minecraft:beef":12,"minecraft:gray_wool":1,"minecraft:light_gray_wool":1,"minecraft:oak_planks":17,"minecraft:mutton":5,"minecraft:white_wool":1,"minecraft:cobblestone":38,"minecraft:furnace":2},"minecraft:used":{"minecraft:stone_sword":25,"minecraft:stone_pickaxe":27,"minecraft:wooden_pickaxe":17,"minecraft:stone_axe":15,"ecologics:coconut_slice":3,"minecraft:cobblestone":19,"minecraft:crafting_table":3,"minecraft:furnace":2,"alexsmobs:animal_dictionary":3,"minecraft:cooked_beef":4},"minecraft:custom":{"minecraft:time_since_rest":54900,"minecraft:interact_with_furnace":20,"minecraft:sprint_one_cm":66337,"minecraft:damage_taken":280,"minecraft:walk_one_cm":66795,"minecraft:mob_kills":10,"minecraft:drop":2,"minecraft:damage_dealt":994,"minecraft:interact_with_crafting_table":9,"minecraft:swim_one_cm":2518,"minecraft:fly_one_cm":245025,"minecraft:crouch_one_cm":5252,"minecraft:play_time":54900,"minecraft:sneak_time":1395,"minecraft:walk_under_water_one_cm":701,"minecraft:jump":555,"minecraft:leave_game":4,"minecraft:time_since_death":54900,"minecraft:walk_on_water_one_cm":3701,"minecraft:total_world_time":54900,"minecraft:fall_one_cm":14221},"minecraft:dropped":{"minecraft:cooked_beef":4,"alexsmobs:animal_dictionary":1},"minecraft:crafted":{"minecraft:cooked_beef":12,"minecraft:oak_planks":24,"minecraft:crafting_table":1,"ecologics:coconut_planks":24,"minecraft:stick":12,"minecraft:cooked_chicken":3,"minecraft:wooden_pickaxe":1,"minecraft:stone_pickaxe":1,"minecraft:stone_sword":1,"minecraft:furnace":1,"minecraft:birch_planks":16,"minecraft:stone_axe":1,"minecraft:cooked_mutton":5,"minecraft:air":0},"minecraft:mined":{"minecraft:furnace":2,"luminousworld:grassvariant_4":1,"minecraft:birch_log":5,"minecraft:iron_ore":4,"minecraft:crafting_table":3,"minecraft:grass":1,"minecraft:grass_block":2,"minecraft:oak_log":6,"minecraft:dirt":5,"luminousworld:grassvariant_2":1,"luminousworld:grassvariant_3":2,"minecraft:tall_grass":1,"ecologics:coconut_log":6,"minecraft:stone":38}},"DataVersion":3465}