{"stats":{"minecraft:killed_by":{"undead_revamp2:the_moonflower":1},"minecraft:killed":{"earthmobsmod:duck":3,"minecraft:pig":1,"alexsmobs:seagull":1,"earthmobsmod:wooly_cow":6,"minecraft:sheep":1,"minecraft:zombie":2,"minecraft:chicken":2},"minecraft:picked_up":{"minecraft:birch_log":4,"minecraft:crafting_table":5,"minecraft:feather":5,"minecraft:chicken":7,"minecraft:andesite":13,"ecologics:coconut_planks":7,"minecraft:leather":3,"minecraft:brown_wool":6,"minecraft:oak_log":6,"minecraft:dirt":7,"minecraft:string":5,"minecraft:raw_copper":12,"minecraft:cobbled_deepslate":103,"minecraft:stone_pickaxe":1,"minecraft:beef":12,"minecraft:player_head":3,"minecraft:poppy":1,"minecraft:light_gray_wool":1,"minecraft:oak_planks":24,"minecraft:furnace":4,"minecraft:raw_iron":8,"luminousworld:auburnlog":1,"ecologics:coconut_slice":8,"minecraft:torch":1,"minecraft:gravel":2,"minecraft:porkchop":3,"minecraft:sand":3,"ecologics:coconut_husk":4,"minecraft:iron_horse_armor":1,"alexsmobs:animal_dictionary":1,"ecologics:coconut_log":6,"minecraft:gray_wool":1,"minecraft:coal":3,"minecraft:oak_sapling":1,"tombstone:magic_scroll":1,"minecraft:mutton":5,"minecraft:white_wool":1,"minecraft:cobblestone":86},"minecraft:broken":{"minecraft:wooden_pickaxe":1},"minecraft:custom":{"minecraft:interact_with_furnace":24,"minecraft:mob_kills":16,"minecraft:interact_with_crafting_table":12,"minecraft:leave_game":4,"minecraft:time_since_death":4246,"minecraft:time_since_rest":3005,"minecraft:sprint_one_cm":135389,"minecraft:damage_taken":1085,"minecraft:walk_one_cm":139601,"tombstone:sneak_grave":4,"minecraft:drop":9,"minecraft:damage_dealt":1722,"tombstone:cast_on_ally":1,"minecraft:swim_one_cm":7757,"minecraft:fly_one_cm":371132,"minecraft:crouch_one_cm":7969,"minecraft:play_time":90900,"tombstone:undead_killed":2,"minecraft:deaths":2,"minecraft:sneak_time":2242,"minecraft:walk_under_water_one_cm":4710,"minecraft:jump":1294,"minecraft:walk_on_water_one_cm":13780,"minecraft:total_world_time":90900,"minecraft:fall_one_cm":31242},"minecraft:used":{"minecraft:cooked_mutton":2,"minecraft:stone_sword":45,"minecraft:stone_pickaxe":140,"minecraft:oak_planks":14,"minecraft:wooden_pickaxe":59,"minecraft:player_head":2,"minecraft:cooked_chicken":1,"minecraft:torch":1,"minecraft:crafting_table":5,"minecraft:string":1,"minecraft:stone_axe":20,"ecologics:coconut_slice":5,"minecraft:cobblestone":30,"minecraft:furnace":3,"tombstone:gift":4,"alexsmobs:animal_dictionary":3,"minecraft:cooked_beef":6,"minecraft:cobbled_deepslate":4},"minecraft:dropped":{"minecraft:cooked_chicken":1,"minecraft:cooked_beef":5,"alexsmobs:animal_dictionary":1,"minecraft:cooked_porkchop":1,"minecraft:cooked_mutton":3,"minecraft:poppy":1,"minecraft:stone_pickaxe":2},"minecraft:crafted":{"minecraft:cooked_beef":12,"minecraft:oak_planks":24,"minecraft:cooked_porkchop":3,"minecraft:crafting_table":1,"ecologics:coconut_planks":24,"minecraft:wooden_pickaxe":1,"minecraft:cooked_chicken":3,"minecraft:furnace":1,"minecraft:birch_planks":16,"minecraft:stone_axe":1,"minecraft:cooked_mutton":5,"minecraft:air":0,"minecraft:stick":12,"minecraft:stone_pickaxe":2,"minecraft:stone_sword":1},"minecraft:mined":{"minecraft:tuff":1,"luminousworld:grassvariant_4":1,"minecraft:crafting_table":5,"minecraft:grass_block":2,"minecraft:poppy":1,"luminousworld:grassvariant_2":1,"minecraft:tall_grass":1,"ecologics:coconut_log":6,"minecraft:spawner":1,"minecraft:furnace":4,"minecraft:birch_log":5,"minecraft:iron_ore":4,"minecraft:andesite":3,"minecraft:grass":5,"minecraft:oak_log":6,"minecraft:sand":3,"minecraft:gravel":2,"minecraft:dirt":5,"minecraft:cobweb":3,"luminousworld:grassvariant_3":2,"minecraft:player_head":1,"minecraft:stone":85,"minecraft:cake":1,"minecraft:oak_leaves":4,"minecraft:tripwire":1,"minecraft:deepslate":95}},"DataVersion":3465}