{"stats":{"minecraft:picked_up":{"alexsmobs:animal_dictionary":1},"minecraft:used":{"alexsmobs:animal_dictionary":3},"minecraft:custom":{"minecraft:jump":84,"minecraft:time_since_rest":30900,"minecraft:damage_dealt":50,"minecraft:crouch_one_cm":1930,"minecraft:leave_game":4,"minecraft:play_time":30900,"minecraft:sprint_one_cm":5340,"minecraft:time_since_death":30900,"minecraft:walk_on_water_one_cm":871,"minecraft:walk_one_cm":21253,"minecraft:sneak_time":610,"minecraft:total_world_time":30900,"minecraft:walk_under_water_one_cm":588,"minecraft:drop":1,"minecraft:fly_one_cm":134475},"minecraft:dropped":{"alexsmobs:animal_dictionary":1}},"DataVersion":3465}