{"stats":{"minecraft:killed_by":{"undead_revamp2:the_moonflower":1,"alexsmobs:bison":1,"iceandfire:ghost":1},"minecraft:killed":{"luminousworld:deer":2,"earthmobsmod:duck":3,"alexsmobs:seagull":1,"naturalist:duck":3,"minecraft:chicken":2,"earthmobsmod:fancy_chicken":3,"friendsandfoes:copper_golem":1,"minecraft:pig":3,"earthmobsmod:cream_cow":4,"earthmobsmod:wooly_cow":6,"minecraft:sheep":1,"minecraft:zombie":2,"naturalist:sparrow":1,"minecraft:cow":4},"minecraft:picked_up":{"minecraft:iron_chestplate":1,"minecraft:crafting_table":5,"minecraft:chicken":11,"minecraft:string":13,"minecraft:raw_copper":12,"minecraft:cobbled_deepslate":103,"minecraft:beef":27,"minecraft:player_head":3,"minecraft:poppy":1,"minecraft:light_gray_wool":1,"minecraft:furnace":7,"ecologics:crab_claw":1,"minecraft:stick":2,"minecraft:raw_iron":11,"luminousworld:auburnlog":1,"naturalist:duck":3,"ecologics:coconut_slice":17,"minecraft:copper_ingot":1,"minecraft:torch":1,"minecraft:porkchop":6,"tombstone:grave_dust":3,"minecraft:iron_horse_armor":1,"ecologics:coconut_log":6,"minecraft:hay_block":56,"minecraft:iron_block":1,"minecraft:cobblestone":90,"minecraft:white_wool":1,"minecraft:mutton":5,"minecraft:skeleton_skull":1,"minecraft:birch_log":4,"ecologics:walnut":2,"minecraft:feather":10,"minecraft:cooked_beef":1,"minecraft:andesite":13,"ecologics:coconut_planks":28,"minecraft:brown_wool":6,"minecraft:leather":15,"minecraft:oak_log":9,"luminousworld:raw_venison":1,"minecraft:dirt":7,"minecraft:stone_pickaxe":1,"earthmobsmod:fancy_feather":3,"minecraft:oak_planks":45,"minecraft:gravel":2,"ecologics:coconut_husk":4,"minecraft:sand":3,"minecraft:white_bed":1,"alexsmobs:animal_dictionary":1,"minecraft:gray_wool":1,"tombstone:magic_scroll":1,"minecraft:oak_sapling":1,"minecraft:coal":4},"minecraft:broken":{"minecraft:wooden_pickaxe":1},"minecraft:custom":{"minecraft:mob_kills":36,"minecraft:animals_bred":8,"minecraft:interact_with_crafting_table":21,"minecraft:open_barrel":1,"minecraft:leave_game":4,"minecraft:time_since_death":30284,"minecraft:climb_one_cm":2859,"minecraft:sprint_one_cm":239478,"minecraft:walk_one_cm":232424,"minecraft:drop":37,"minecraft:talked_to_villager":5,"minecraft:play_time":138900,"minecraft:deaths":4,"minecraft:sneak_time":3984,"minecraft:walk_under_water_one_cm":4710,"minecraft:jump":2343,"minecraft:walk_on_water_one_cm":14022,"minecraft:total_world_time":138900,"minecraft:interact_with_furnace":57,"minecraft:time_since_rest":30015,"minecraft:damage_taken":2039,"tombstone:sneak_grave":4,"minecraft:trigger_trapped_chest":2,"minecraft:damage_dealt":4197,"tombstone:cast_on_ally":1,"minecraft:swim_one_cm":8231,"minecraft:fly_one_cm":645230,"minecraft:open_chest":9,"minecraft:crouch_one_cm":14598,"tombstone:undead_killed":2,"minecraft:fall_one_cm":63934},"minecraft:used":{"minecraft:stone_sword":107,"ecologics:coconut_planks":1,"minecraft:player_head":2,"minecraft:cooked_chicken":4,"minecraft:torch":1,"minecraft:chainmail_chestplate":1,"minecraft:furnace":8,"ecologics:walnut":2,"tombstone:gift":6,"minecraft:cooked_beef":6,"minecraft:cobbled_deepslate":18,"minecraft:cooked_mutton":2,"minecraft:oak_planks":14,"minecraft:stone_pickaxe":152,"minecraft:wooden_pickaxe":59,"minecraft:crafting_table":5,"minecraft:bread":4,"minecraft:string":1,"minecraft:stone_axe":32,"ecologics:coconut_slice":11,"minecraft:cobblestone":47,"naturalist:cooked_duck":1,"alexsmobs:animal_dictionary":3,"minecraft:cobweb":4},"minecraft:dropped":{"minecraft:cooked_beef":9,"minecraft:cooked_porkchop":1,"ecologics:coconut_slice":5,"minecraft:cobblestone":24,"minecraft:leather":4,"minecraft:dirt":7,"minecraft:gray_wool":1,"luminousworld:raw_venison":1,"tombstone:grave_dust":6,"minecraft:sand":3,"naturalist:cooked_duck":2,"minecraft:string":5,"minecraft:white_wool":1,"quark:oak_chest":1,"minecraft:bone":1,"minecraft:gravel":2,"minecraft:cooked_chicken":1,"alexsmobs:animal_dictionary":1,"minecraft:cobbled_deepslate":19,"minecraft:raw_copper":12,"minecraft:light_gray_wool":1,"minecraft:oak_planks":12,"minecraft:cooked_mutton":3,"minecraft:poppy":1,"minecraft:skeleton_skull":1,"minecraft:andesite":13,"ecologics:coconut_husk":15,"minecraft:oak_sapling":1,"minecraft:stone_pickaxe":2},"minecraft:crafted":{"naturalist:cooked_duck":3,"minecraft:oak_planks":36,"ecologics:coconut_planks":24,"minecraft:cooked_chicken":6,"minecraft:furnace":3,"minecraft:cooked_mutton":5,"minecraft:stone_pickaxe":2,"minecraft:chest":1,"sophisticatedbackpacks:iron_backpack":1,"minecraft:wheat":63,"minecraft:cooked_beef":23,"sophisticatedbackpacks:backpack":1,"minecraft:cooked_porkchop":4,"minecraft:crafting_table":1,"minecraft:wooden_pickaxe":1,"minecraft:birch_planks":16,"minecraft:stone_axe":1,"minecraft:air":0,"minecraft:stick":12,"quark:oak_chest":1,"minecraft:iron_ingot":9,"minecraft:stone_sword":1},"minecraft:mined":{"minecraft:tuff":1,"minecraft:white_bed":1,"luminousworld:grassvariant_4":1,"minecraft:dark_oak_fence":2,"minecraft:grass_block":2,"luminousworld:grassvariant_2":2,"ecologics:coconut_log":6,"minecraft:spawner":1,"minecraft:hay_block":57,"minecraft:furnace":8,"minecraft:iron_ore":7,"minecraft:andesite":3,"minecraft:stone":85,"minecraft:iron_block":1,"minecraft:player_head":1,"minecraft:cake":1,"minecraft:tripwire":1,"minecraft:crafting_table":5,"minecraft:poppy":1,"ecologics:walnut_leaves":4,"minecraft:tall_grass":3,"minecraft:cobblestone":3,"minecraft:birch_log":5,"minecraft:grass":11,"minecraft:oak_log":6,"minecraft:dirt":5,"minecraft:gravel":2,"minecraft:sand":3,"luminousworld:grassvariant_3":2,"minecraft:cobweb":11,"minecraft:oak_leaves":4,"minecraft:deepslate":95}},"DataVersion":3465}