{"stats":{"minecraft:dropped":{"alexsmobs:animal_dictionary":1},"minecraft:custom":{"minecraft:jump":8,"minecraft:time_since_rest":14571,"minecraft:damage_dealt":10,"minecraft:crouch_one_cm":118,"minecraft:leave_game":3,"minecraft:play_time":14571,"minecraft:time_since_death":14571,"minecraft:walk_one_cm":6661,"minecraft:sneak_time":56,"minecraft:total_world_time":14571,"minecraft:drop":1,"minecraft:fly_one_cm":1498},"minecraft:picked_up":{"alexsmobs:animal_dictionary":1},"minecraft:used":{"alexsmobs:animal_dictionary":3}},"DataVersion":3465}