{"stats":{"minecraft:dropped":{"minecraft:bread":56,"minecraft:cooked_beef":9,"minecraft:cooked_porkchop":1,"ecologics:coconut_slice":5,"minecraft:cobblestone":24,"minecraft:leather":4,"minecraft:copper_ingot":1,"minecraft:dirt":7,"minecraft:gray_wool":1,"luminousworld:raw_venison":1,"tombstone:grave_dust":6,"minecraft:sand":3,"naturalist:cooked_duck":2,"minecraft:string":5,"minecraft:white_wool":1,"quark:oak_chest":1,"minecraft:bone":1,"minecraft:gravel":2,"minecraft:cooked_chicken":1,"alexsmobs:animal_dictionary":1,"minecraft:cobbled_deepslate":19,"minecraft:raw_copper":12,"artifacts:villager_hat":1,"minecraft:light_gray_wool":1,"minecraft:oak_planks":12,"minecraft:cooked_mutton":3,"minecraft:poppy":1,"minecraft:skeleton_skull":1,"minecraft:andesite":13,"ecologics:coconut_husk":15,"minecraft:oak_sapling":1,"minecraft:stone_pickaxe":2},"minecraft:used":{"minecraft:stone_sword":126,"ecologics:coconut_planks":1,"minecraft:cooked_chicken":4,"minecraft:player_head":2,"minecraft:torch":38,"minecraft:chainmail_chestplate":1,"minecraft:furnace":10,"ecologics:walnut":2,"tombstone:gift":6,"minecraft:cooked_beef":6,"minecraft:cobbled_deepslate":27,"minecraft:cooked_mutton":2,"minecraft:oak_planks":14,"minecraft:stone_pickaxe":293,"minecraft:wooden_pickaxe":59,"minecraft:crafting_table":8,"minecraft:string":1,"minecraft:bread":15,"minecraft:iron_pickaxe":51,"minecraft:stone_axe":35,"ecologics:coconut_slice":11,"minecraft:cobblestone":47,"naturalist:cooked_duck":1,"alexsmobs:animal_dictionary":3,"minecraft:cobweb":4},"minecraft:killed":{"luminousworld:deer":2,"earthmobsmod:duck":3,"alexsmobs:seagull":1,"naturalist:duck":3,"enemyexpansion:silverqueen":1,"minecraft:chicken":2,"earthmobsmod:fancy_chicken":3,"minecraft:silverfish":2,"friendsandfoes:copper_golem":1,"minecraft:pig":3,"earthmobsmod:cream_cow":4,"earthmobsmod:wooly_cow":6,"minecraft:sheep":1,"minecraft:zombie":3,"naturalist:sparrow":1,"minecraft:cow":4},"minecraft:crafted":{"naturalist:cooked_duck":3,"minecraft:oak_planks":60,"ecologics:coconut_planks":24,"minecraft:cooked_chicken":6,"minecraft:furnace":3,"minecraft:cooked_mutton":5,"minecraft:stone_pickaxe":4,"minecraft:chest":1,"sophisticatedbackpacks:iron_backpack":1,"minecraft:wheat":333,"minecraft:cooked_beef":23,"sophisticatedbackpacks:backpack":1,"minecraft:cooked_porkchop":4,"minecraft:crafting_table":1,"minecraft:wooden_pickaxe":1,"minecraft:birch_planks":16,"minecraft:stone_axe":1,"minecraft:bread":104,"minecraft:air":0,"minecraft:stick":36,"quark:oak_chest":1,"minecraft:iron_ingot":22,"minecraft:iron_pickaxe":1,"minecraft:stone_sword":1,"minecraft:torch":48},"minecraft:picked_up":{"minecraft:crafting_table":7,"minecraft:iron_chestplate":1,"minecraft:chicken":11,"minecraft:string":13,"minecraft:raw_copper":16,"minecraft:gold_nugget":24,"minecraft:cobbled_deepslate":228,"minecraft:beef":27,"minecraft:player_head":3,"minecraft:poppy":1,"minecraft:light_gray_wool":1,"minecraft:furnace":8,"ecologics:crab_claw":1,"minecraft:stick":2,"minecraft:raw_iron":14,"luminousworld:auburnlog":1,"naturalist:duck":3,"ecologics:coconut_slice":17,"minecraft:copper_ingot":1,"minecraft:torch":4,"minecraft:porkchop":6,"tombstone:grave_dust":3,"minecraft:redstone":28,"minecraft:iron_horse_armor":1,"minecraft:rotten_flesh":1,"minecraft:hay_block":66,"ecologics:coconut_log":6,"minecraft:iron_block":1,"supplementaries:ash":3,"minecraft:mutton":5,"minecraft:skeleton_skull":1,"minecraft:white_wool":1,"minecraft:cobblestone":99,"minecraft:birch_log":4,"ecologics:walnut":2,"minecraft:feather":10,"minecraft:cooked_beef":1,"minecraft:andesite":13,"ecologics:coconut_planks":28,"minecraft:brown_wool":6,"minecraft:leather":15,"minecraft:tuff":21,"minecraft:oak_log":15,"luminousworld:raw_venison":1,"minecraft:lapis_lazuli":27,"minecraft:dirt":8,"minecraft:bone":9,"minecraft:raw_gold":12,"earthmobsmod:fancy_feather":3,"minecraft:stone_pickaxe":1,"minecraft:oak_planks":45,"minecraft:gravel":2,"ecologics:coconut_husk":4,"minecraft:sand":3,"minecraft:white_bed":1,"alexsmobs:animal_dictionary":1,"minecraft:gray_wool":1,"tombstone:magic_scroll":1,"minecraft:oak_sapling":1,"minecraft:coal":31},"minecraft:custom":{"minecraft:mob_kills":41,"minecraft:animals_bred":8,"minecraft:interact_with_crafting_table":25,"minecraft:open_barrel":2,"minecraft:leave_game":6,"minecraft:time_since_death":62515,"minecraft:climb_one_cm":3075,"minecraft:sprint_one_cm":275791,"minecraft:walk_one_cm":282517,"minecraft:drop":41,"minecraft:talked_to_villager":5,"minecraft:play_time":171131,"minecraft:deaths":4,"minecraft:sneak_time":4274,"minecraft:walk_under_water_one_cm":4847,"minecraft:jump":2666,"minecraft:walk_on_water_one_cm":14206,"minecraft:total_world_time":171131,"minecraft:interact_with_furnace":61,"minecraft:time_since_rest":62246,"minecraft:damage_taken":2528,"tombstone:sneak_grave":4,"minecraft:trigger_trapped_chest":2,"minecraft:damage_dealt":5044,"tombstone:cast_on_ally":1,"minecraft:swim_one_cm":8231,"minecraft:fly_one_cm":696460,"minecraft:open_chest":13,"minecraft:crouch_one_cm":14841,"tombstone:undead_killed":3,"minecraft:fall_one_cm":71250},"minecraft:killed_by":{"undead_revamp2:the_moonflower":1,"alexsmobs:bison":1,"iceandfire:ghost":1},"minecraft:mined":{"minecraft:tuff":22,"minecraft:white_bed":1,"luminousworld:grassvariant_4":1,"minecraft:dark_oak_fence":2,"minecraft:grass_block":2,"luminousworld:grassvariant_2":2,"ecologics:coconut_log":6,"minecraft:spawner":1,"minecraft:hay_block":67,"minecraft:furnace":9,"minecraft:iron_ore":9,"minecraft:cobbled_deepslate":2,"minecraft:andesite":3,"minecraft:deepslate_lapis_ore":4,"minecraft:deepslate_iron_ore":1,"minecraft:stone":92,"minecraft:iron_block":1,"minecraft:player_head":1,"minecraft:cake":1,"minecraft:tripwire":1,"minecraft:deepslate_redstone_ore":6,"minecraft:crafting_table":8,"minecraft:poppy":1,"ecologics:walnut_leaves":4,"minecraft:tall_grass":3,"minecraft:cobblestone":4,"minecraft:deepslate_gold_ore":12,"minecraft:wall_torch":2,"supplementaries:urn":6,"minecraft:birch_log":5,"minecraft:grass":11,"minecraft:oak_log":6,"minecraft:coal_ore":16,"minecraft:gravel":2,"minecraft:sand":3,"minecraft:dirt":5,"luminousworld:grassvariant_3":2,"minecraft:cobweb":11,"minecraft:oak_leaves":4,"minecraft:deepslate":213},"minecraft:broken":{"minecraft:wooden_pickaxe":1,"minecraft:stone_pickaxe":1}},"DataVersion":3465}