{
  "iceandfire:iceandfire/root": {
    "criteria": {
      "tick": "2024-10-07 19:16:13 +0000"
    },
    "done": true
  },
  "takesapillage:root": {
    "criteria": {
      "always": "2024-10-07 19:16:13 +0000"
    },
    "done": true
  },
  "explorerscompass:explorers_compass_cracked_stone_bricks": {
    "criteria": {
      "has_recipe": "2024-10-07 19:16:13 +0000"
    },
    "done": true
  },
  "dungeons_arise:wda_root": {
    "criteria": {
      "WDA": "2024-10-07 19:16:13 +0000"
    },
    "done": true
  },
  "undead_revamp2:theundeadchallenges": {
    "criteria": {
      "theundeadchallenges": "2024-10-07 19:16:13 +0000"
    },
    "done": true
  },
  "friendsandfoes:misc/yellow_dye_from_buttercup": {
    "criteria": {
      "has_the_recipe": "2024-10-07 19:16:13 +0000"
    },
    "done": true
  },
  "naturescompass:natures_compass_log": {
    "criteria": {
      "has_recipe": "2024-10-07 19:16:13 +0000"
    },
    "done": true
  },
  "naturescompass:natures_compass": {
    "criteria": {
      "has_recipe": "2024-10-07 19:16:13 +0000"
    },
    "done": true
  },
  "naturescompass:natures_compass_sapling": {
    "criteria": {
      "has_recipe": "2024-10-07 19:16:13 +0000"
    },
    "done": true
  },
  "mowziesmobs:root": {
    "criteria": {
      "custom_test_name": "2024-10-07 19:16:13 +0000"
    },
    "done": true
  },
  "betterdungeons:root": {
    "criteria": {
      "always": "2024-10-07 19:16:13 +0000"
    },
    "done": true
  },
  "placeablesmod:placeables": {
    "criteria": {
      "placeables": "2024-10-07 19:16:13 +0000"
    },
    "done": true
  },
  "explorerscompass:explorers_compass_cobweb": {
    "criteria": {
      "has_recipe": "2024-10-07 19:16:13 +0000"
    },
    "done": true
  },
  "eeeabsmobs:eeeabsmobs/root": {
    "criteria": {
      "requirement": "2024-10-07 19:16:13 +0000"
    },
    "done": true
  },
  "betterdeserttemples:root": {
    "criteria": {
      "always": "2024-10-07 19:16:13 +0000"
    },
    "done": true
  },
  "cataclysm:root": {
    "criteria": {
      "custom_test_name": "2024-10-07 19:16:13 +0000"
    },
    "done": true
  },
  "incendium:technical/new_player": {
    "criteria": {
      "requirement": "2024-10-07 19:16:13 +0000"
    },
    "done": true
  },
  "explorerscompass:explorers_compass": {
    "criteria": {
      "has_recipe": "2024-10-07 19:16:13 +0000"
    },
    "done": true
  },
  "incendium:technical/scroll_of_returning": {
    "criteria": {
      "log_spam_fixer": "2024-10-07 19:16:14 +0000"
    },
    "done": false
  },
  "incendium:technical/using/ragnarok": {
    "criteria": {
      "log_spam_fixer": "2024-10-07 19:16:14 +0000"
    },
    "done": false
  },
  "incendium:technical/using/trailblazer": {
    "criteria": {
      "log_spam_fixer": "2024-10-07 19:16:14 +0000"
    },
    "done": false
  },
  "minecraft:adventure/adventuring_time": {
    "criteria": {
      "minecraft:windswept_hills": "2024-10-07 20:08:02 +0000",
      "minecraft:beach": "2024-10-07 19:35:39 +0000",
      "minecraft:river": "2024-10-07 20:04:22 +0000",
      "minecraft:cold_ocean": "2024-10-07 20:25:47 +0000",
      "minecraft:forest": "2024-10-07 19:29:53 +0000",
      "minecraft:ocean": "2024-10-07 19:35:42 +0000",
      "minecraft:plains": "2024-10-07 19:16:14 +0000"
    },
    "done": false
  },
  "incendium:technical/using/shield": {
    "criteria": {
      "log_spam_fixer": "2024-10-07 19:16:14 +0000"
    },
    "done": false
  },
  "tombstone:adventure/root": {
    "criteria": {
      "auto": "2024-10-07 19:16:14 +0000"
    },
    "done": true
  },
  "mutantmonsters:root": {
    "criteria": {
      "killed_something": "2024-10-07 19:30:08 +0000"
    },
    "done": true
  },
  "minecraft:adventure/root": {
    "criteria": {
      "killed_something": "2024-10-07 19:30:08 +0000"
    },
    "done": true
  },
  "tombstone:adventure/first_grave": {
    "criteria": {
      "coded_trigger": "2024-10-07 19:30:38 +0000"
    },
    "done": true
  },
  "tombstone:recipes/from_grave_key": {
    "criteria": {
      "has_ingredient": "2024-10-07 19:30:39 +0000"
    },
    "done": true
  },
  "tombstone:adventure/cancel_ghostly_shape": {
    "criteria": {
      "coded_trigger": "2024-10-07 19:31:43 +0000"
    },
    "done": true
  },
  "tombstone:recipes/from_grave_dust": {
    "criteria": {
      "has_ingredient": "2024-10-07 19:31:47 +0000"
    },
    "done": true
  },
  "minecraft:story/root": {
    "criteria": {
      "crafting_table": "2024-10-07 19:33:41 +0000"
    },
    "done": true
  },
  "minecraft:story/mine_stone": {
    "criteria": {
      "get_stone": "2024-10-07 19:33:53 +0000"
    },
    "done": true
  },
  "minecraft:story/upgrade_tools": {
    "criteria": {
      "stone_pickaxe": "2024-10-07 19:34:04 +0000"
    },
    "done": true
  },
  "minecraft:husbandry/root": {
    "criteria": {
      "consumed_item": "2024-10-07 19:35:25 +0000"
    },
    "done": true
  },
  "fusion:bronze_shovel": {
    "criteria": {
      "has_item": "2024-10-07 19:35:45 +0000"
    },
    "done": true
  },
  "fusion:bronze_axe": {
    "criteria": {
      "has_item": "2024-10-07 19:35:45 +0000"
    },
    "done": true
  },
  "fusion:bronze_bars": {
    "criteria": {
      "has_item": "2024-10-07 19:35:45 +0000"
    },
    "done": true
  },
  "fusion:bronze_chestplate": {
    "criteria": {
      "has_item": "2024-10-07 19:35:45 +0000"
    },
    "done": true
  },
  "fusion:bronze_shears": {
    "criteria": {
      "has_item": "2024-10-07 19:35:45 +0000"
    },
    "done": true
  },
  "fusion:bronze_pickaxe": {
    "criteria": {
      "has_item": "2024-10-07 19:35:45 +0000"
    },
    "done": true
  },
  "fusion:bronze_sword": {
    "criteria": {
      "has_item": "2024-10-07 19:35:45 +0000"
    },
    "done": true
  },
  "fusion:bronze_bricks": {
    "criteria": {
      "has_item": "2024-10-07 19:35:45 +0000"
    },
    "done": true
  },
  "fusion:bronze_brick_slab": {
    "criteria": {
      "has_item": "2024-10-07 19:35:45 +0000"
    },
    "done": true
  },
  "fusion:bronze_leggings": {
    "criteria": {
      "has_item": "2024-10-07 19:35:45 +0000"
    },
    "done": true
  },
  "fusion:bronze_door": {
    "criteria": {
      "has_item": "2024-10-07 19:35:45 +0000"
    },
    "done": true
  },
  "fusion:bronze_helmet": {
    "criteria": {
      "has_item": "2024-10-07 19:35:45 +0000"
    },
    "done": true
  },
  "fusion:main/bronze": {
    "criteria": {
      "got_fusion_furnace": "2024-10-07 19:35:45 +0000"
    },
    "done": true
  },
  "fusion:bronze_brick_stairs": {
    "criteria": {
      "has_item": "2024-10-07 19:35:45 +0000"
    },
    "done": true
  },
  "fusion:bronze_hoe": {
    "criteria": {
      "has_item": "2024-10-07 19:35:45 +0000"
    },
    "done": true
  },
  "fusion:bronze_boots": {
    "criteria": {
      "has_item": "2024-10-07 19:35:45 +0000"
    },
    "done": true
  },
  "tombstone:adventure/create_magic_scroll": {
    "criteria": {
      "has_magic_scroll": "2024-10-07 19:35:51 +0000"
    },
    "done": true
  },
  "minecraft:story/smelt_iron": {
    "criteria": {
      "iron": "2024-10-07 19:35:52 +0000"
    },
    "done": true
  },
  "minecraft:adventure/kill_all_mobs": {
    "criteria": {
      "minecraft:pillager": "2024-10-07 20:12:46 +0000",
      "minecraft:skeleton": "2024-10-07 20:17:12 +0000",
      "minecraft:spider": "2024-10-07 20:12:39 +0000",
      "minecraft:cave_spider": "2024-10-07 20:28:17 +0000",
      "minecraft:zombie": "2024-10-07 19:41:42 +0000"
    },
    "done": false
  },
  "minecraft:adventure/kill_a_mob": {
    "criteria": {
      "minecraft:zombie": "2024-10-07 19:41:42 +0000"
    },
    "done": true
  },
  "minecraft:husbandry/balanced_diet": {
    "criteria": {
      "bread": "2024-10-07 19:41:55 +0000"
    },
    "done": false
  },
  "artifacts:chest_slayer": {
    "criteria": {
      "kill_mimic": "2024-10-07 20:27:30 +0000"
    },
    "done": true
  },
  "minecraft:story/obtain_armor": {
    "criteria": {
      "iron_chestplate": "2024-10-07 20:08:12 +0000"
    },
    "done": true
  },
  "dungeons_arise:find_wishing_well": {
    "criteria": {
      "location0": "2024-10-07 20:09:08 +0000"
    },
    "done": true
  },
  "tombstone:adventure/ambush": {
    "criteria": {
      "coded_trigger": "2024-10-07 20:12:46 +0000"
    },
    "done": true
  },
  "dungeons_arise:find_illager_campsite": {
    "criteria": {
      "location0": "2024-10-07 20:11:51 +0000"
    },
    "done": true
  },
  "fusion:sinisite_bow": {
    "criteria": {
      "has_item": "2024-10-07 20:12:40 +0000"
    },
    "done": true
  },
  "minecraft:story/form_obsidian": {
    "criteria": {
      "obsidian": "2024-10-07 20:36:45 +0000"
    },
    "done": true
  },
  "tombstone:adventure/chain_death": {
    "criteria": {
      "coded_trigger": "2024-10-07 20:25:11 +0000"
    },
    "done": true
  },
  "fusion:thyrium_bow": {
    "criteria": {
      "has_item": "2024-10-07 20:12:40 +0000"
    },
    "done": true
  },
  "tombstone:adventure/first_knowledge": {
    "criteria": {
      "coded_trigger": "2024-10-07 20:12:46 +0000"
    },
    "done": true
  },
  "minecraft:story/mine_diamond": {
    "criteria": {
      "diamond": "2024-10-07 20:36:08 +0000"
    },
    "done": true
  },
  "DataVersion": 3465
}